year,erf,erf_sw,erf_lw,aprp_ERFariSW,aprp_ERFaciSW,aprp_ERFariLW,aprp_ERFaciLW,aprp_albedo,aprp_t9
1850.5,-0.16832892535124508,-0.022353162183065267,-0.1459757631681798,0.030469381181486694,-0.08278239197801586,-0.08618077322447543,-0.05979498994370441,0.0159745475643296,0.0390487632127074
1851.5,-0.289961258541034,-0.22478827049928682,-0.06517298804174715,-0.00032600642073347605,-0.24243082736487365,-0.08617138800845135,0.02099839996670418,0.020977803179646325,-0.08060671249669114
1852.5,0.11195488064145415,0.23533084617648978,-0.12337596553503567,0.042235957258695826,0.1273121374712383,-0.09037725333300628,-0.03299871220202933,0.04534201613382823,0.07531266274267856
1853.5,0.22101487413229992,0.20556293654792998,0.01545193758436996,0.024562793586746377,0.17901141267440138,-0.005647006303306075,0.021098943887675997,0.018395635888838597,0.06334184701274488
1854.5,-0.1464221845171149,-0.15039243467495733,0.003970250157842452,0.0051221424968084794,-0.12706080357329697,0.003777652112438634,0.00019259804540379863,0.007348823241817949,-0.04966310289680703
1855.5,0.051930721731528885,0.044986280325786644,0.006944441405742223,0.007492631042656514,0.03329830645024248,0.025516393677428657,-0.01857195227168641,0.006194704734729893,-0.031910012788580244
1856.5,0.06743955724494642,-0.14120570939427735,0.20864526663922375,0.02025961215039507,-0.11428819896029711,0.11007816902539429,0.09856709761382941,-0.015852501823427442,-0.06834941569415984
1857.5,-0.0438863053044383,0.1322312402461982,-0.17611754555063652,-0.024102307309907922,0.18779500199925617,-0.04445785875201558,-0.13165968679862097,-0.010494128953164171,0.10523511406318932
1858.5,0.1338902375011725,0.038576478185104485,0.09531375931606804,-0.003408274222997705,0.06729267475482893,0.01207993155695756,0.08323382775911047,-0.005937333235827021,-0.04643901241678234
1859.5,0.05321769307161831,-0.05244010298071424,0.1056577960523325,0.007872457662487828,-0.06909189608355437,0.025098281897560453,0.08055951415477208,0.014596163330003796,-0.032884507895474806
1860.5,-0.14448379862452418,-0.27982452632858795,0.1353407277040638,0.0025719382393665723,-0.22320424224064958,0.05412164014483397,0.08121908755922981,-0.020000380389065667,-0.13738612497041267
1861.5,-0.013437395613646116,-0.03115891457550315,0.01772151896185704,0.019979862740333258,-0.019649316636564263,0.0418700212563013,-0.024148502294444294,-0.006791444776471891,0.00678593725253688
1862.5,-0.06638837440397626,-0.04570947004469747,-0.0206789043592788,0.04973861774898339,-0.06564976323292132,-0.02569792885422559,0.005019024494946789,-0.005063182219784732,-0.07112926002985531
1863.5,-0.050715349590411775,-0.04737253419195442,-0.00334281539845732,-0.010767210287189058,0.0009633792813490231,0.0817963637825248,-0.08513917918098211,-0.006395286045199781,0.07125969169054651
1864.5,-0.2531868193232723,-0.25264294751841465,-0.000543871804857631,7.582371554210737e-05,-0.21542085248694354,-0.07885667477453069,0.07831280296967312,-0.014037043178906762,-0.1937988151545896
1865.5,-0.24344778348344712,-0.06745850980521495,-0.17598927367823222,-0.0315603735354793,-0.03259929652692268,-0.0779226269822016,-0.09806664669603062,0.00966697584945537,0.04487417026611692
1866.5,-0.09187202951915331,-0.19054472377947018,0.09867269426031687,-0.0241861404261951,-0.14829041316342248,0.06260395608068747,0.036068738179629384,0.0002250223649436269,-0.15871710956504853
1867.5,-0.25779088119013427,-0.25506533627175143,-0.0027255449183828336,-0.002862699879979331,-0.2175695263348926,-0.03653862144182105,0.033813076523438214,-0.014141284473206712,-0.07102966305049137
1868.5,-0.05139759615496297,-0.09699170481050573,0.045594108655542774,-0.0066341713089663875,-0.08029001937211451,0.04127421101833259,0.004319897637210177,0.002475352554165806,-0.07366435203136547
1869.5,0.09579748042040603,0.06609815536401198,0.029699325056394055,0.013299995383062329,0.030656683237805526,0.024695808423740823,0.0050035166326532566,0.025254594755875104,0.06015245487502514
1870.5,-0.18624187927086963,-0.17506426386170015,-0.011177615409169436,-0.003019243902147401,-0.18718302531744724,-0.05391970244736193,0.04274208703819249,0.020466304550117824,-0.019276940321858754
1871.5,-0.35302477547569183,-0.2597518780559673,-0.0932728974197245,-0.022482952193776228,-0.2370130000116506,-0.02469474905936844,-0.06857814836035607,0.010073524723568527,-0.04092717843029647
1872.5,0.06709854688309003,0.1646144469455518,-0.09751590006246179,-0.024414139911085677,0.2271739526831822,0.0019307314443594709,-0.09944663150682127,-0.009938755793113985,0.07197917654191331
1873.5,-0.010706791020837228,-0.09740268724984918,0.08669589622901198,-0.0073466578571475365,-0.029755950733910002,0.08169266665820378,0.005003229570808211,-0.010360615235387897,-0.13594489518439562
1874.5,0.06268578318384596,0.10726179710946175,-0.044576013925615825,0.003417229272257842,0.1664292628688561,-0.01929518798895555,-0.025280825936660284,-0.01266172710924684,0.019749744773910005
1875.5,-0.08402403382764785,0.10366611778845651,-0.1876901516161044,-0.02268808940898434,0.15421563093747004,-0.11297559094623395,-0.07471456066987048,-0.011190404994084338,-0.014704966875498845
1876.5,-0.1257737756700306,-0.06687685697792496,-0.058896918692105615,0.02316514419899127,-0.0982160882507241,-0.06971399697333296,0.01081707828122736,0.01820531475070625,-0.011118732941852782
1877.5,0.07485728126478156,0.018806852604593086,0.0560504286601885,0.0038692061559795683,-0.00893469014259743,-0.02432833055478585,0.0803787592149743,0.022822964598125394,-0.018820998602621365
1878.5,0.22023215111234337,0.18689315664660708,0.033338994465736314,0.02350857327176899,0.15425952755055647,-0.03168327045281727,0.0650222649185536,0.00900186913184734,0.07746886296815661
1879.5,-0.41259293644943557,-0.28261136950313503,-0.12998156694630056,-0.035583665982973106,-0.24289168591495836,-0.1002654061785171,-0.02971616076778343,0.0064533306599775875,-0.0751675037226777
1880.5,-0.01379700643385425,-0.2242137840890828,0.2104167776552286,0.03097515590405747,-0.23845647799248107,0.13464735456339869,0.0757694230918299,0.022623129610264647,-0.12612320048326128
1881.5,0.09820677271285383,-0.06006370967395026,0.15827048238680413,0.014428973960226021,-0.022874266162471513,0.020801906620882684,0.1374685757659214,-0.011263826589294201,-0.023860679752766973
1882.5,-0.16017042934308864,-0.024934587463256164,-0.13523584187983248,-0.00042579554108138534,-0.03665813083820558,-0.07145866534667944,-0.06377717653315305,0.029463018353120443,-0.03272729117484897
1883.5,0.041395857721761055,0.026108194230623855,0.015287663491137216,0.010720590406925837,0.01496662314880102,-0.018840646673489416,0.034128310164626606,0.02100538822861429,-0.005399454590359798
1884.5,-0.17987834220183588,-0.07010698495564938,-0.10977135724618653,-0.013453849436175577,-0.0809505960112672,-0.05664870598359156,-0.05312265126259497,0.021327126136743296,-0.0043613165790656605
1885.5,-0.3235236486446407,-0.24523838320038274,-0.078285265444258,-0.03986462326821983,-0.16611474531491263,-0.016581851823706917,-0.06170341362055109,-0.014100774720056776,-0.06332710898498142
1886.5,-0.19965163390426613,-0.12743965106817143,-0.07221198283609474,-0.022200112485120358,-0.07738218206454632,-0.037045539890631383,-0.035166442945463346,-0.015500696769886649,-0.04703976863343231
1887.5,-0.27714494718673127,-0.29491819204989,0.017773244863158788,-0.014955894745951707,-0.26173214465685074,-0.01917456148408849,0.03694780634724728,0.0005661127993567827,-0.05601669882834256
1888.5,-0.23229417197721292,-0.2747355908215997,0.04244141884438676,-0.012087754935817902,-0.2924650323313193,-0.06499734929568297,0.10743876814006971,0.025857718967707093,-0.1282080859354524
1889.5,-0.17863890548039887,-0.1643636894658568,-0.014275216014542041,0.02662728326161032,-0.21578587570951765,0.018422407284272257,-0.03269762329881427,0.024877819057126962,-0.07571481133841891
1890.5,-0.2933670960632258,-0.19868518232950347,-0.09468191373372246,-0.010124788712309511,-0.16083038162935637,-0.05942690650872127,-0.03525500722500117,-0.0018236172157741956,-0.0228730703361338
1891.5,-0.21918005854976497,-0.23957813636525024,0.020398077815485288,-0.006522663505898353,-0.22446864029784233,-0.016777749792291127,0.03717582760777638,0.007288458865365096,-0.11401952535937725
1892.5,0.04197623049993812,-0.11905667041549874,0.16103290091543684,0.026532998505203076,-0.15296017154058802,0.04636410694851465,0.11466879396692216,0.020547543091348257,-0.06451991074402359
1893.5,-0.3645484897820994,-0.37915031107519986,0.014601821293100448,0.000646104936750061,-0.3371370511500569,-0.08508827134379238,0.09969009263689282,-0.015361177636480797,-0.18362388700502486
1894.5,-0.1850412358705884,-0.29509020288098226,0.1100489670103938,-0.01735532333665118,-0.25879995381121285,-0.004749166183599329,0.11479813319399312,0.014456412048230394,-0.11532768632130275
1895.5,-0.14166741906455663,-0.1502067677185337,0.008539348653977057,-0.0090242361622494,-0.11066692541331942,-0.04398282629074982,0.052522174944726836,-0.006491623262296103,0.020712207335039607
1896.5,-0.014654539450938772,-0.2132831896932871,0.19862865024234833,-0.01799774468921777,-0.16405004214338298,-0.0034917554409811037,0.20212040568332942,0.009479943892028624,-0.13192803950154733
1897.5,-0.10585499169523281,-0.29433589899195206,0.1884809072967192,-0.007497283422410077,-0.22597470491011248,0.05974644342033575,0.12873446387638351,-0.010758253967320469,-0.08762857366911168
1898.5,-0.3382351683490685,-0.3590591185534899,0.020823950204421304,-0.046705026489982836,-0.2570917264997613,-0.05858286423486216,0.07940681443928345,-0.01676909516757945,-0.08565958864862132
1899.5,-0.3801412535548993,-0.47090909198184,0.09076783842694088,-0.025243719670726538,-0.3659243809893771,0.026680901223620924,0.06408693720331993,-0.01171151740244652,-0.09893383568291263
1900.5,-0.09965575855012304,-0.20832893787413265,0.10867317932400959,0.003091735494012799,-0.1870205636353607,0.04855901548308711,0.060114163840922476,0.008973832320516987,0.04530506921082093
1901.5,-0.6236193108866169,-0.484588058588062,-0.13903125229855504,-0.08458827545818315,-0.39604201984665605,-0.11151045192541657,-0.02752080037313842,0.00878212322795212,-0.0755117713935244
1902.5,-0.5402180427521917,-0.34049012304321397,-0.19972791970897777,-0.06402828302390072,-0.21365261954940165,-0.058387923628170545,-0.14133999608080725,-0.015052773048395042,0.013681371637526774
1903.5,-0.5074382510393545,-0.4150957729538751,-0.09234247808547941,-0.06565258366139115,-0.2633286111877448,-0.11462237805686015,0.022279899971380756,-0.03389000518679479,-0.04026018194820397
1904.5,-0.27409066634625895,-0.4262204827187223,0.1521298163724634,-0.03854706716626439,-0.31924580082907966,0.0014118649741889273,0.15071795139827446,-0.014186195175861562,-0.13827504368306076
1905.5,-0.059761647794390554,-0.2936547380035392,0.2338930902091486,-0.028966242365462618,-0.2374710208391441,0.056729386976863576,0.17716370323228503,0.012432672988908053,-0.11530282368790164
1906.5,-0.12979383780293693,-0.2672595067061399,0.13746566890320303,-0.034740063645655524,-0.2047962319422296,0.00018576474718987046,0.13727990415601315,-0.006123154481005598,-0.005283752929385756
1907.5,-0.31466418773457966,-0.476998608962319,0.16233442122773936,-0.04393617558718397,-0.4066966849807952,-0.03247636283259452,0.19481078406033392,0.019227687224170783,-0.1911232961984802
1908.5,-0.43429767965466476,-0.4199920824851044,-0.014305597169560444,-0.048966325190392346,-0.3262599782437482,-0.032072276512288084,0.017766679342727618,0.007851311171976787,-0.014473139050033001
1909.5,-0.46190541886889647,-0.4731717809940304,0.01126636212513398,-0.04439345586852444,-0.3837376960644547,0.03209311442165975,-0.020826752296525752,0.0068819395958471625,-0.10153160662223809
1910.5,-0.32731538116325626,-0.3847156839992747,0.05740030283601849,-0.05662405103184287,-0.27299526460386647,0.03814417539006646,0.01925612744595202,-0.0045621940496520545,-0.10029105240046048
1911.5,-0.5599457375517454,-0.487363436775514,-0.07258230077623128,-0.07604802273047793,-0.35709588339073606,-0.027159996844542678,-0.04542230393168859,-0.014110452602105977,-0.011980242593638135
1912.5,-0.3946056115032394,-0.44735302195332677,0.05274741045008735,-0.051719710717454646,-0.3639267013035956,-0.058865108827054424,0.11161251927714182,0.006114702382075889,-0.10566888873923164
1913.5,-0.19405184258976238,-0.38250907032760145,0.1884572277378391,-0.058940562189452116,-0.3084574692183549,0.05729571501927483,0.13116151271856427,0.02674381986726876,-0.1388808894916597
1914.5,-0.3798587959438883,-0.4989223837324885,0.11906358778860017,-0.09026532997046295,-0.3675569321779011,-0.007174600488175839,0.126238188276776,0.004154336374756105,-0.10338699676627217
1915.5,-0.25839383293881024,-0.32096838089202434,0.0625745479532141,-0.03372157852037865,-0.20470448604951477,-0.015750295995942794,0.07832484394915686,-0.011417041979207473,-0.04174953249596866
1916.5,-0.6270320956658766,-0.6329252520616961,0.005893156395819536,-0.03486317271259158,-0.5721373280672729,0.0018475573863793251,0.0040455990094402094,0.018055091010969745,-0.0976309008907867
1917.5,-0.2806048115643522,-0.32985207817280165,0.04924726660844942,-0.06300965766183066,-0.2154108765400855,-0.05985766044168025,0.10910492705012968,-0.005400719338179605,-0.015581210512062784
1918.5,-0.18548212666505878,-0.3287594857557359,0.14327735909067704,-0.05024911832003783,-0.24221668441119656,0.012724898952995604,0.1305524601376815,0.009018570834366465,0.02280899929851513
1919.5,-0.30392649120814513,-0.4611397206975089,0.1572132294893637,-0.03729926362179726,-0.3404748261478294,0.04078419870925846,0.1164290307801053,-0.01748402276326243,-0.12182709409887225
1920.5,-0.3206481722480205,-0.4220650811765134,0.10141690892849288,-0.07502546775459779,-0.285170971891712,0.027012340756966208,0.07440456817152669,-0.0030324483805494636,0.008706522381304052
1921.5,-0.230968846786721,-0.3306004553068147,0.0996316085200936,-0.048482215941769165,-0.22169636265965406,0.031726037818341095,0.06790557070175249,-0.014852462448738524,-0.08772186020536545
1922.5,0.0885051874893734,-0.08741907612901872,0.17592426361839217,0.020164254058586243,-0.11329268223688993,-0.0026533392153561034,0.17857760283374824,0.032519664098041995,0.058640923515361765
1923.5,-0.3604609350516623,-0.48428971222147377,0.12382877716981144,-0.054612711826768544,-0.37006986778773937,-0.02426211326526979,0.14809089043508125,0.006897761626606445,-0.011586473138143205
1924.5,-0.3742727842086692,-0.36371155691047163,-0.010561227298197551,-0.0572735364673558,-0.254112742815322,-0.016536400063247407,0.00597517276504985,-0.0016175304511493044,0.010871632970123076
1925.5,-0.3959888505856552,-0.5722282031938382,0.1762393526081829,-0.05242870025272341,-0.46913480472418617,0.05158362090738111,0.1246557317008018,-0.003418876078183681,-0.13312633587241593
1926.5,-0.3424283765709705,-0.531510012465682,0.18908163589471147,-0.06312065576747283,-0.4544335569241542,0.021081727278960793,0.16799990861575065,0.022521023588937084,-0.08275567898327037
1927.5,-0.3343760286034951,-0.7155698684533752,0.38119383984988003,-0.08213896498918684,-0.5908954753054689,0.04485933954455448,0.3363345003053256,0.012422329769800225,-0.29100821386477993
1928.5,-0.31651777880608933,-0.6374289012899289,0.32091112248383974,-0.052550752662186416,-0.5134779746232914,0.11267439006694263,0.20823673241689702,-0.008401744578195766,-0.20648303342316532
1929.5,-0.4770239775009224,-0.6597361343444339,0.1827121568435116,-0.08670138742985552,-0.5228247265725042,0.027523355844329828,0.15518880099918175,0.0020093894564328124,-0.14646932359736378
1930.5,-0.44999487773776864,-0.5422395779863484,0.09224470024857963,-0.13509940183738212,-0.348462456431144,0.06700801619349156,0.025236684055088082,-0.009782218412647748,-0.024552411292502015
1931.5,-0.372793650428011,-0.6037761373323586,0.2309824869043474,-0.06438671972406183,-0.5141819227666967,0.04734953933098912,0.18363294757335824,0.025074737940488378,-0.14612294632113237
1932.5,-0.3767543035838246,-0.45076499051782254,0.0740106869339978,-0.010040597137778128,-0.46271351920290876,0.011809622759828359,0.06220106417416945,0.03492180488326709,-0.0427271992656259
1933.5,-0.5416104700809532,-0.4460980240843237,-0.09551244599662961,-0.04710972826707632,-0.3757771244910198,-0.10114131077745504,0.005628864780825413,0.010804274192342256,-0.016043598723955704
1934.5,-0.4318903496316333,-0.5281432935708725,0.09625294393923918,-0.05022994142130816,-0.44249632239525405,-0.02344276250343641,0.11969570644267556,0.00401709480882786,-0.14931424560809503
1935.5,-0.0456763475627493,-0.43677201571250973,0.3910956681497603,-0.011617635676227115,-0.3947031115313105,0.13367302492981778,0.2574226432199425,0.024955075080883463,-0.18036479914706158
1936.5,-0.7208076578194506,-0.719598264860299,-0.0012093929591516274,-0.0650750501713264,-0.5689345062948101,-0.10004763844482521,0.09883824548567355,-0.024688771677732712,-0.11358382204120177
1937.5,-0.7736890862942678,-0.7882429217650643,0.014553835470796583,-0.09768796980791355,-0.6388429064246872,-0.04715240545647089,0.06170624092726748,0.011494858420599037,-0.14772847068139813
1938.5,-0.6055677739450502,-0.6784432041531222,0.07287543020807193,-0.10074806361267973,-0.5325465396123117,-0.01953362512794086,0.0924090553360128,0.004288745985314074,-0.12114584775854283
1939.5,-0.24911145334626386,-0.5901603789390294,0.3410489255927656,-0.08513181075160403,-0.4340375301582753,0.04232794701437776,0.2987209785783879,-0.001602332682834404,-0.18842714373133665
1940.5,-0.5094389786944195,-0.8321776178876658,0.32273863919324636,-0.12302538761372295,-0.6168814787281157,0.08899276108735993,0.23374587810588643,-0.006796275541130382,-0.15538940032589835
1941.5,-0.44188889493506606,-0.6770458074998502,0.23515691256478422,-0.0811337809893456,-0.5416068881393934,0.10083708397214937,0.1343198285926348,0.007978078187529778,-0.09822114835153097
1942.5,-0.7941645700188392,-1.1463274229644407,0.35216285294560157,-0.08850506645715345,-0.9758465854018631,0.05673035807269383,0.2954324948729077,0.005264730084347303,-0.32805541702251734
1943.5,-0.5132503343751805,-0.7725652174325419,0.25931488305736133,-0.09192020964116136,-0.6322254388914487,0.06286324122150001,0.19645164183586136,0.011546575985002291,-0.19564723249261182
1944.5,-0.6007566743934073,-0.7472427327437045,0.14648605835029735,-0.06402999968090517,-0.5814386227264106,0.013342746565494426,0.13314331178480296,-0.011440748369256912,-0.12108839212196622
1945.5,-0.6535680591481458,-0.7977679613072223,0.14419990215907671,-0.11042025783792524,-0.5933637420688381,0.06128294328942798,0.0829169588696487,-0.0217066583662037,-0.09598536063916523
1946.5,-0.5670171619398231,-0.7376731690594543,0.17065600711963125,-0.07655293170871828,-0.5719718038971203,-0.005543299547019626,0.17619930666665087,-0.01195827799657878,-0.15884726683881903
1947.5,-0.7579772360915049,-0.696530490206678,-0.061446745884827035,-0.060645789648271574,-0.5711081921257409,0.005292360467902757,-0.0667391063527298,-0.004426491198808734,0.01858733417933204
1948.5,-0.29025048743416587,-0.5343733560532778,0.244122868619112,-0.07029018371474889,-0.38004107906929124,0.07302106996809528,0.1711017986510167,-0.008560777126013545,-0.07358940769060256
1949.5,-0.6077738232824662,-0.8529661293895794,0.2451923061071131,-0.07586638862601329,-0.6975542528594586,0.11068044890675864,0.1345118572003545,-0.002382769519249517,-0.12531896333129514
1950.5,-0.5979645259855871,-0.7977089935330945,0.19974446754750755,-0.13575972773453085,-0.5224209824520631,0.025986397461511646,0.1737580700859959,-0.034629135187300986,-0.02023481255152466
1951.5,-0.7220391190868019,-0.8117107740655826,0.08967165497878078,-0.09887564591542479,-0.6638434668850163,0.017131407782563505,0.07254024719621728,0.01671818311618511,-0.08591983814934671
1952.5,-0.5143683143078607,-0.7767469293166313,0.26237861500877063,-0.10902787867613456,-0.5745831434239966,0.019335474293015957,0.24304314071575472,0.0007966914784211682,-0.09804344294209377
1953.5,-0.6285303284933169,-1.0386076181370885,0.41007728964377127,-0.12335661921680434,-0.8198045614099008,0.15245250179732606,0.25762478784644527,0.010586753310965022,-0.26460902507243417
1954.5,-0.7822542814089494,-0.9827941772580259,0.20053989584907658,-0.11203298974188415,-0.7769275448011829,0.08558293311403259,0.11495696273504402,0.0012376949431397652,-0.13937360947817157
1955.5,-0.36193294478241733,-0.6625134624543559,0.30058051767193855,-0.07757594667037905,-0.4844852790687657,0.08115238505194938,0.21942813261998917,0.005454802363712957,-0.05397115944741762
1956.5,-1.0379890544045034,-1.1757374838347665,0.13774842943026316,-0.17356235581822196,-0.8900509189351014,0.03986791042415238,0.09788051900611079,-0.011503995294424002,-0.14033062075561772
1957.5,-0.8016067855236718,-1.0549327824483123,0.2533259969246404,-0.11343699026502285,-0.8000698646971923,0.05506095057729654,0.19826504634734388,-0.013437965291361048,-0.15903684631253032
1958.5,-0.8491670610269981,-0.9648319484556391,0.11566488742864094,-0.15334005531382958,-0.6819823837721279,0.004119427328816756,0.1115454600998242,-0.011053663012640309,-0.09230673824687957
1959.5,-0.9032163260594436,-1.1917295809973663,0.2885132549379225,-0.17757998350423,-0.8547718426456176,0.033543810262926944,0.2549694446749955,-0.03372904261682278,-0.18052474918124903
1960.5,-0.9115891951148316,-1.1306958814367007,0.21910668632186905,-0.1678265414743865,-0.847946748269805,0.05481462030327497,0.16429206601859406,-0.0037250671642432265,-0.1475619329776963
1961.5,-1.024313513587901,-1.3942637746834154,0.3699502610955144,-0.19983377075748857,-1.0304523072312335,0.06939532731096869,0.30055493378454573,-0.02867181152413062,-0.17907445898693855
1962.5,-1.2444893336751999,-1.5790531640123031,0.3345638303371032,-0.17148699978280812,-1.2416003183937965,0.06094642645799812,0.27361740387910505,-0.02645683229340189,-0.34225567842056986
1963.5,-1.3444705982784007,-1.534015293505524,0.18954469522712314,-0.24632624428072913,-1.1037048110484438,-0.005819925697626821,0.19536462092474993,-0.03361050431078664,-0.2286946986588149
1964.5,-1.2899964076356216,-1.479428268871254,0.1894318612356325,-0.2110085834341798,-1.095388374738855,0.08534368644134598,0.1040881747942865,-0.021977693104798034,-0.17327919862015917
1965.5,-0.9832944062654865,-1.345381529793782,0.36208712352829525,-0.20786469729814616,-0.9544191997056114,0.13303496749408947,0.2290521560342058,-0.03525233601224765,-0.14860663989941036
1966.5,-1.060824774550588,-1.5682896773795865,0.5074649028289987,-0.2559121734761523,-1.1575159245537912,0.18103005021820862,0.32643485261079,0.0008151967428142566,-0.3450884075137053
1967.5,-1.3658348553452404,-1.7436601985769704,0.37782534323173006,-0.2287564361479338,-1.3057675741305155,0.14102607469381045,0.23679926853791958,-0.03936086991404359,-0.34343804205770595
1968.5,-1.456891240689372,-1.8315539142165835,0.3746626735272119,-0.2503956063022564,-1.3885316391179525,0.13503671865723063,0.23962595486998137,-0.03407203147470181,-0.32139600838409016
1969.5,-1.0778598869435074,-1.5364015988193351,0.4585417118758277,-0.2508367772954618,-1.0491902469993004,0.11737318953214289,0.3411685223436847,-0.04423282048486004,-0.19499864225165267
1970.5,-1.550828466514804,-1.8733137132045377,0.3224852466897335,-0.280671320600296,-1.4176880365337368,0.08478597183013037,0.2376992748596031,-0.015920268943021655,-0.2534581121914084
1971.5,-1.1942166471660691,-1.5172532221549886,0.32303657498891925,-0.23544984369185004,-1.089636198685495,0.06598959408316844,0.2570469809057508,-0.025790561817961594,-0.16028809564347452
1972.5,-1.66670973361722,-1.7878769821697045,0.12116724855248469,-0.2631388932657672,-1.329122512377129,0.06244017648675387,0.05872707206573078,-0.028296104131017814,-0.14170839751554198
1973.5,-1.5155467512829854,-1.8783419044823149,0.3627951531993298,-0.3062461519796554,-1.3795861841406456,0.04996526330028542,0.31282988989904437,-0.022235558654542475,-0.31033349659900517
1974.5,-1.5908932206255753,-1.7852567391939822,0.19436351856840697,-0.29226169005389996,-1.3372077861531908,-0.014425301774873384,0.2087888203432804,-0.0056123313071503285,-0.235583980947499
1975.5,-1.313252161870489,-1.4914294695163697,0.17817730764588013,-0.21859672946329856,-1.0903790390922532,0.08583625870610245,0.09234104893977761,-0.01314458897296878,-0.13922577076453788
1976.5,-1.3576613875543486,-1.650780750801011,0.2931193632466626,-0.24904235476840422,-1.2134294801057086,0.10567943915603732,0.1874399240906253,-0.02580245099952254,-0.10811004367749298
1977.5,-1.4063995421910764,-1.638335612387296,0.23193607019621965,-0.22752564685622678,-1.2329857697219218,0.12350831343481943,0.10842775676140022,-0.0276643317773429,-0.163323368480114
1978.5,-1.43693237769479,-1.9030832523751122,0.46615087468032185,-0.2845890487732859,-1.4156917662473214,0.13811761720483665,0.3280332574754853,-0.030163472092259763,-0.2929626588587135
1979.5,-1.412403378604704,-1.9180380802532524,0.5056347016485485,-0.3159773025168439,-1.3759355684722132,0.10902166126105545,0.39661304038749307,-0.0407830782772155,-0.2534402494511953
1980.5,-1.3069555194559286,-1.8338463818410708,0.526890862385142,-0.27539086995359097,-1.3218187557151608,0.1625178959278012,0.3643729664573408,-0.04089970459349725,-0.3875270081919428
1981.5,-1.3942326475258315,-1.7410741908881209,0.3468415433622896,-0.30018853330220613,-1.2415107947956094,0.021692305978598937,0.3251492373836906,-0.028537170673911493,-0.23585766746798106
1982.5,-1.4248408633518335,-1.609982389017813,0.1851415256659795,-0.3106801860310638,-1.1165881431968607,-0.0004885599562956996,0.18563008562227515,-0.035847495455375,-0.1399631064154759
1983.5,-1.393723274108229,-1.72352322655056,0.329799952442331,-0.2647973812464513,-1.2769665225327766,0.10885863358016801,0.22094131886216306,-0.005172123246073085,-0.2780618894331654
1984.5,-1.4430385064397655,-1.869696834961643,0.4266583285218773,-0.28586220624788655,-1.40611384772319,0.10678936315937022,0.31986896536250714,-0.017907761260534102,-0.25653656537845954
1985.5,-1.6003430010802198,-1.8836839381528356,0.28334093707261593,-0.26529898834508486,-1.427461953806817,0.11404463874547842,0.16929629832713747,-0.028125133686584116,-0.2960562138539578
1986.5,-1.4002026766224496,-1.6994851239484172,0.29928244732596787,-0.2658511015145226,-1.2418179074654103,0.04330216586334997,0.2559802814626178,-0.028834122792253895,-0.13116671369309293
1987.5,-1.6273787749413564,-1.9891782755791094,0.3617995006377532,-0.2537207057076877,-1.562434459162266,0.11131751148856417,0.250481989149189,-0.03030515519550939,-0.2235161550925244
1988.5,-1.406918672787813,-1.759338255390139,0.35241958260232636,-0.2628043001780697,-1.2927458105562581,0.07450468381441276,0.27791489878791364,-0.045754991669343346,-0.2192746108441513
1989.5,-1.5490271315848094,-1.7514515719933847,0.20242444040857557,-0.2686295424986387,-1.323945709943383,0.054618952569809004,0.14780548783876657,-0.019753603657166167,-0.17136060756489332
1990.5,-1.6254418205097636,-1.9261458544795644,0.3007040339698004,-0.28073772470246267,-1.4733550571887495,0.07297772194140076,0.22772631202839957,-0.030101763704926874,-0.2710716692495979
1991.5,-1.4941448809582116,-1.8598617585166182,0.3657168775584063,-0.29039817653399624,-1.3923016434460898,0.18334720525583748,0.18236967230256887,-0.027164435179849292,-0.2720470115605167
1992.5,-1.671783452571099,-1.8036837229467098,0.13190027037561075,-0.2810445472510421,-1.3388258768689774,-0.010157859382745152,0.1420581297583559,-0.037796018678865985,-0.19792781579436358
1993.5,-1.2046955442555805,-1.6177278283966416,0.4130322841410609,-0.272080317225589,-1.1744455595064691,0.10302753217056632,0.31000475197049465,-0.023433363934746237,-0.21140622204365903
1994.5,-1.3774245561177094,-1.8082038565669862,0.43077930044927704,-0.31604834020852896,-1.309093782030305,0.15695414109674646,0.27382515935253066,-0.058003073560943585,-0.2262710518780179
1995.5,-1.083027434441421,-1.6350364328682785,0.5520089984268575,-0.2471590096712024,-1.2435189458521811,0.20341849672739576,0.3485905016994617,-0.013006063985344346,-0.27566535907286244
1996.5,-1.5481532415072163,-1.807354049573959,0.25920080806674245,-0.25567950009762813,-1.398412980309507,0.08849367366351923,0.1707071344032232,-0.028736086424106824,-0.19957893405166274
1997.5,-1.4171725300550797,-1.711071820623105,0.2938992905680255,-0.3254031579286667,-1.271756491547291,0.07985782488587233,0.21404146568215313,-0.0169814285620505,-0.19700830845675787
1998.5,-1.6501868044289727,-1.9503292745560268,0.30014247012705403,-0.30481107065377694,-1.4844918627660249,0.14482107263123312,0.15532139749582094,-0.03203775491507519,-0.16482314813551965
1999.5,-1.0711378826770148,-1.4338687600322768,0.36273087735526227,-0.21200662045301125,-1.128538525473381,0.10611900794124836,0.25661186941401387,-0.008182147683050815,-0.11061746223696715
2000.5,-1.4741478751460668,-1.6493301805357052,0.1751823053896381,-0.23492031090629995,-1.3220076004750212,0.04589516528219025,0.12928714010744788,-0.012699081382779842,-0.13233311940383838
2001.5,-1.389108781983335,-1.5444710848654613,0.15536230288212652,-0.2399903097257882,-1.1758452644521322,0.017248490766305868,0.1381138121158206,-0.01957059441205595,-0.17301975311346776
2002.5,-1.3809926108841883,-1.582928240605513,0.20193562972132484,-0.27054531945941424,-1.2000550332363256,0.01794759354102705,0.18398803618029783,-0.016169380028784586,-0.04783816024938372
2003.5,-1.4933040056015205,-1.7134793311341159,0.22017532553259533,-0.2489167063093561,-1.358356991257806,0.08550544434147563,0.13466988119111967,-0.010894122392621178,-0.13565082609479515
2004.5,-1.5233992617360865,-1.9400767672716623,0.41667750553557575,-0.2736705174145552,-1.5180414627436611,0.12493671930630812,0.2917407862292676,-0.036310117218705855,-0.2686782741018609
2005.5,-1.4482793997497214,-1.6831132077665805,0.23483380801685905,-0.23432860218696291,-1.3539945177995971,0.05105028351564856,0.1837835245012105,-0.012166231669481395,-0.10790430808656308
2006.5,-1.2671123218395914,-1.584294093753825,0.31718177191423363,-0.24595216772639095,-1.2363378555591507,0.12541839531955803,0.1917633765946756,-0.027394929514131184,-0.1743580293893046
2007.5,-1.4707378779508795,-1.709423797442556,0.2386859194916767,-0.25780525115850544,-1.3726864320841552,0.11018993505466368,0.12849598443701302,-0.01865344245125784,-0.17882209455248485
2008.5,-1.307192871797067,-1.5915008317628558,0.28430795996578895,-0.2448890433332301,-1.2826911898152005,0.1366255688708509,0.147682391094938,-0.005879462954458671,-0.2395394525829936
2009.5,-1.488886450041458,-1.6818698927145743,0.19298344267311632,-0.2402459752461553,-1.3626818971371009,0.020219239011357325,0.172764203661759,-0.017971032484830094,-0.31672902613750026
2010.5,-1.3029759775693757,-1.4988430285235337,0.1958670509541577,-0.21895012907687036,-1.2450904323116947,0.07886733934080671,0.116999711613351,0.011935922234469229,-0.25945027690660344
2011.5,-0.7885131374471154,-1.140080865757583,0.35156772831046745,-0.1897396063589444,-0.8866026189071362,0.14331886177121203,0.20824886653925537,-0.006872165199276931,0.006867716942140531
2012.5,-1.4240735720129027,-1.7106139396363444,0.2865403676234413,-0.24023269412210901,-1.3415912588973018,0.2125469202414786,0.07399344738196273,-0.03904690935641652,-0.15819571332796314
2013.5,-1.1220121583587563,-1.3623056598124503,0.2402935014536939,-0.14898807448872134,-1.1681089877161484,0.06747623848569882,0.17281726296799513,0.0006046982379907737,-0.13606535258939015
2014.5,-1.2475542573004794,-1.5544560452354552,0.30690178793497597,-0.18683792255587664,-1.299497024492909,0.15138886842637045,0.15551291950860557,-0.008903943379363318,-0.1299218793825258
2015.5,-1.2126359064182617,-1.3038763892941114,0.09124048287584985,-0.161346847172584,-1.1100661102907365,0.049974754940644205,0.04126572793520566,0.002312543198178823,-0.06128393597967136
2016.5,-1.1229175102814362,-1.3089859051467656,0.1860683948653298,-0.2163522355327002,-1.037431378411063,0.08725879833167083,0.09880959653365894,-0.018069273797940735,-0.06394275151323309
2017.5,-1.06182803898168,-1.3864235890509093,0.3245955500692295,-0.149757404439429,-1.1248793957489713,0.10788343780437015,0.21671211226485934,-0.03797086584598074,-0.18610575020398598
2018.5,-1.113429546999087,-1.3141918292244652,0.20076228222537848,-0.1779727799265356,-1.0669100490509251,0.09925171995080999,0.1015105622745685,-0.01472229747052988,-0.1472863193254125
2019.5,-0.8104156490621014,-1.093437890151439,0.2830222410893376,-0.13922028986504056,-0.9130990881763311,0.14744271165791525,0.13557952943142237,-0.008625445934820798,-0.18040950091539154
2020.5,-0.8575978658066649,-0.9781236477983047,0.12052578199163981,-0.12016072913215921,-0.7912906819594904,0.11362476767329022,0.006901014318349552,-0.019157603112875884,-0.006887939746496467
2021.5,-1.1397864364665014,-1.2662302999969415,0.1264438635304402,-0.15623953622375303,-1.0229205819119405,0.03298524481949836,0.09345861871094184,-0.03863162681427474,-0.16127296973726477
2022.5,-1.2606308282534118,-1.2395414708435464,-0.021089357409865544,-0.1975646415686174,-0.9820097903581929,-0.01493334198436789,-0.0061560154254976795,-0.016719586542611475,-0.12317967472386739
2023.5,-0.938766089200306,-1.2541602096353646,0.3153941204350584,-0.1493942414801257,-1.0374532692158462,0.1896262829411862,0.12576783749387216,-0.02482194157820289,-0.21822217467270597
2024.5,-0.8078318811225728,-0.9363309915587212,0.12849911043614853,-0.12129000511909811,-0.778629597975763,0.06137348826406624,0.06712562217208229,-0.006018508384040416,-0.10882153798756362
2025.5,-0.735934230349974,-0.9655196243220874,0.22958539397211364,-0.13885259071987108,-0.8173035759797443,0.098608786695161,0.13097660727695257,0.009922147072861228,-0.013362876948992469
2026.5,-0.7728353479215281,-1.1950255916568924,0.42219024373536423,-0.12924464984072628,-1.0335614261468697,0.16062338599204515,0.26156685774331906,0.0017474009407820283,-0.17661876894830977
2027.5,-1.2581862750159651,-1.2841465892906416,0.02596031427467634,-0.1589364435501651,-1.0861780026309067,-0.008551261428690239,0.034511575703366604,-0.009233712127597268,-0.15424954097153298
2028.5,-0.9196429278926913,-1.256277072943778,0.33663414505108663,-0.13777887381807843,-1.093941762634798,0.18968824370746099,0.14694590134362562,0.003976544025089026,-0.13687096434592394
2029.5,-1.0887257363785336,-1.095508003057285,0.006782266678751443,-0.1654938120387678,-0.9006995182545442,-0.04698656310525179,0.05376882978400321,-0.002815946164069392,-0.11811820026479257
2030.5,-1.0561007059619112,-1.2098663471974997,0.1537656412355884,-0.17624761692107893,-0.9661956151417123,0.0062115416650724885,0.14755409957051588,-0.029745618725071504,-0.07720785709506708
2031.5,-1.1671027353047287,-1.2874260741368035,0.12032333883207508,-0.19725861607742154,-1.0449171547177354,0.06268078866118242,0.05764255017089265,-0.007298618432987593,-0.16840724742371047
2032.5,-0.8272356681380932,-0.9534300595112235,0.12619439137313027,-0.13063218617060635,-0.7629534729727055,0.08252506093558468,0.04366933043754564,-0.01228587900650611,-0.05885200550598283
2033.5,-0.7308818371535771,-0.9175169369012197,0.1866350997476425,-0.15328077169721935,-0.7432409371208285,0.1055023783188075,0.08113272142883499,0.003067152013778102,0.03113018916985807
2034.5,-0.7133374938311734,-1.076346165013545,0.3630086711823715,-0.134185410469795,-0.852243023800798,0.20863835206954384,0.15437031911282775,-0.028189184745573973,-0.11645909121036724
2035.5,-0.7480586202974377,-1.0811385554817023,0.33307993518426426,-0.12884164124637856,-0.8735970963980737,0.09831801798511164,0.23476191719915265,-0.035313085435943935,-0.15643294753027967
2036.5,-0.5210275513227588,-0.7048972083137682,0.18386965699100946,-0.08418576443661625,-0.6059512808374627,0.06677551495909444,0.11709414203191504,0.0016196858661862677,-0.013140994322455128
2037.5,-0.6245426232509825,-0.8372291814468458,0.21268655819586316,-0.11085614648707252,-0.6911694853326183,0.21941049811448607,-0.006723939918622923,-0.00024376371009030774,-0.11447169652382931
2038.5,-0.660291335669655,-0.9429468122817141,0.2826554766120591,-0.1453350105616076,-0.7480567118863982,0.1395136490406246,0.14314182757143448,-0.011054077849806635,-0.12475661059816383
2039.5,-0.8241048986158964,-0.8762147194989591,0.05210982088306265,-0.11782248140106492,-0.7272703816014149,0.029317901936899645,0.02279191894616303,-0.004132374139900897,-0.08342697933138599
2040.5,-0.7683163487831489,-0.781589158246745,0.013272809463596139,-0.1347478016231772,-0.6004983482242667,0.02429014368402056,-0.01101733422042439,-0.013709426967978255,-0.0063480739237029475
2041.5,-0.7405227577547805,-0.7152835811294042,-0.025239176625376374,-0.12711852099735874,-0.5803916270978515,-0.031280274683634986,0.006041098058258605,0.00013497676404456335,0.04951976615889889
2042.5,-0.6106884708790578,-0.8378038071504298,0.22711533627137212,-0.12388579169110019,-0.6526470436659787,0.07109228819256429,0.15602304807880782,-0.009894270636953691,-0.11555164086068999
2043.5,-0.8924857769933467,-1.0428079647992894,0.1503221878059425,-0.09720156214859481,-0.906664976872878,0.006989449729614146,0.14333273807632832,-0.0032757294617989947,-0.22993023835121318
2044.5,-0.7858611922623813,-0.88023505935434,0.09437386709195865,-0.09822876477697717,-0.7628248305276117,0.09775256257642846,-0.003378695484469794,-0.008629706464730826,-0.08428663826417976
2045.5,-0.65557861341333,-0.8645042097565785,0.2089255963432485,-0.12552169215087164,-0.6416491871489766,0.0988616154989274,0.11006398084432113,-0.0397621023789814,-0.11011362703980632
2046.5,-0.4533290214111794,-0.6234301343342639,0.17010111292308439,-0.12785088308850776,-0.4274584218045201,0.08449313829719825,0.08560797462588614,-0.031836251579355566,0.1235431176890025
2047.5,-0.896624771381827,-0.9476620012652569,0.05103722988342988,-0.12039121480405905,-0.786440321425034,-0.028453967096564114,0.079491196979994,-0.006592499515688087,-0.13687159638732757
2048.5,-0.42747184941250543,-0.3996079500312914,-0.027863899381214186,-0.07539218015288006,-0.281888287936869,0.002836809102519542,-0.030700708483733703,-0.011409448612052743,0.1713682924856692
2049.5,-0.42824741740989675,-0.5504499625468532,0.12220254513695632,-0.10796626305234637,-0.4135202424663314,-0.022557709512181834,0.1447602546491382,-0.012180784715386058,-0.05558012836369008
2050.5,-0.514611493582615,-0.591541458724684,0.07692996514206897,-0.08430148946972378,-0.4418777966172036,0.05149308079489306,0.025436884347175958,-0.02545498489234387,0.045109418682724355
2051.5,-0.7837145347393477,-0.6717681024978304,-0.11194643224151735,-0.11865515082647506,-0.49428675424946905,-0.04634903163768931,-0.06559740060382803,-0.01841101438646833,-0.010993996237909802
2052.5,-0.9028311972536912,-0.8639160114471699,-0.03891518580652128,-0.08976183454854218,-0.7198553978870962,-0.001662946880848425,-0.037252238925672886,-0.021667993939471608,-0.14744263208927352
2053.5,-0.5577318974280246,-0.7165552065476343,0.15882330911960985,-0.07293082849147885,-0.6355053613710507,0.10398034339550526,0.054842965724104596,0.010707637640218348,-0.10433874051852716
2054.5,-0.6994395638843526,-0.6868421821981475,-0.012597381686205144,-0.10409888304401232,-0.5244922732380954,-0.012080410424062668,-0.0005169712621424701,-0.026895092991895075,-0.05893076986574456
2055.5,-0.5823766747521079,-0.6904757455691041,0.10809907081699617,-0.08907519204466711,-0.5567533767145619,-0.017001664331634293,0.1251007351486305,-0.008176644918967566,-0.08156650682965903
2056.5,-0.5945177603055992,-0.7415572363159506,0.1470394760103512,-0.07473976929589692,-0.6279614153359695,0.04772822944124642,0.09931124656910484,-0.008903452309592412,-0.10218610101863068
2057.5,-0.586820073177314,-0.7321281547080208,0.14530808153070685,-0.12425416689864115,-0.5652196321348223,-0.001206634087170069,0.1465147156178769,-0.016368502755130628,-0.09517229729468757
2058.5,-0.2990435345207546,-0.336868568395658,0.03782503387490341,-0.08233515085071774,-0.07558588329470765,0.02297338981163095,0.01485164406327244,-0.001294948196048866,0.07408653452511121
2059.5,-0.5178690564055403,-0.7117391491276437,0.19387009272210362,-0.09143460497139295,-0.565621380219946,-0.0012697245277341063,0.19513981724983767,-0.014566833112512697,-0.1937615730780994
2060.5,-0.25834229303806594,-0.5581744908031218,0.2998321977650558,-0.09888421840624195,-0.4206467169834089,0.11285341054421465,0.18697878722084119,-0.00387294688139926,-0.06694914418435773
2061.5,-0.4522274679482495,-0.5458281341054466,0.09360066615719707,-0.08720116177416037,-0.43802352576022824,0.029363827041100948,0.06423683911609611,-0.010328597556258125,-0.047269937047509286
2062.5,-0.2199915452615194,-0.3266473049495817,0.10665575968806233,-0.0875314346708543,-0.19804763858752902,-0.04666934120064573,0.15332510088870802,-0.009644380913234496,-0.025076136340299954
2063.5,-0.6649105742033998,-0.6188053652712061,-0.04610520893219364,-0.11888493357173628,-0.4747306906250088,-0.09870284297992825,0.0525976340477346,-0.005884249317187708,0.0005044480016770325
2064.5,-0.33819774035530475,-0.5140593346324859,0.17586159427718115,-0.09219676825788486,-0.38733096598617595,-0.017070870342023026,0.19293246461920419,-0.00878602305625918,0.007206952077661921
2065.5,-0.40428318575478756,-0.46151072335867066,0.05722753760388307,-0.06673578006965614,-0.3634149307106688,-0.0037512464695831312,0.06097878407346619,-0.01250358174062085,-0.017994196371792375
2066.5,-0.45813393887092896,-0.4966840121625231,0.038550073291594135,-0.10488956982230502,-0.3966789384500811,-0.06765356794292132,0.10620364123451549,0.006147211730717021,-0.038315082698998755
2067.5,-0.47771735183151703,-0.3597049099345486,-0.11801244189696836,-0.10333549818191641,-0.23485869736990592,-0.05514652024259212,-0.06286592165437624,-0.011677664546211998,0.07568924551437757
2068.5,-0.31372221844280906,-0.6057495882014234,0.29202736975861426,-0.09506243905127944,-0.4447662560234493,0.08958142691629539,0.20244594284231887,-0.018740233233429465,-0.09500280986395293
2069.5,-0.303884006118778,-0.5221561570061075,0.21827215088732946,-0.0953967945492859,-0.4043914444870312,0.04932881055419617,0.16894334033313332,-0.008295786130870847,-0.1300693871884692
2070.5,-0.2815876159808144,-0.4502261122513995,0.16863849627058514,-0.08421999958339527,-0.31827065643839586,0.07978338233850782,0.0888551139320773,-0.017455326135942757,-0.012359977577959563
2071.5,-0.4722223322959555,-0.6127497163914405,0.1405273840954851,-0.10273684049153597,-0.4261228288526839,0.0680444820318989,0.07248290206358617,-0.03264620977740537,-0.032259904909321305
2072.5,-0.19295210429606394,-0.4466929290350203,0.2537408247389564,-0.07878154045851772,-0.3614484433352212,0.0037172943926666933,0.2500235303462897,0.0021016671810735418,-0.16728585287888378
2073.5,-0.697280858189492,-0.6796383749053883,-0.017642483284103685,-0.10432042726653512,-0.5490311998138594,-0.03166638586823282,0.014023902584129139,-0.0023786130498355106,-0.09970334210828374
2074.5,-0.569650764514938,-0.645992817513532,0.07634205299859394,-0.10176128087007129,-0.48592974771217595,-0.09178998777921162,0.16813204077780552,-0.017812485411781577,-0.16625228989609983
2075.5,-0.39019426918772027,-0.5058969379503163,0.11570266876259601,-0.08107330265550279,-0.39898074107000675,0.05392028188633427,0.06178238687626175,-0.0020368325938044407,-0.04288096145685139
2076.5,-0.512457012978939,-0.6022536257235073,0.08979661274456836,-0.1198674020790268,-0.4068620685191349,-0.008905325456926782,0.09870193820149513,-0.022715625255629063,-0.19090323053372318
2077.5,-0.2821945269335256,-0.3297164649976001,0.04752193806407451,-0.07789184754907744,-0.2208995306212808,0.014305601993290116,0.03321633607078437,-0.0034971494076870093,-0.01844404551377815
2078.5,-0.4943149200951061,-0.527540614377865,0.033225694282758976,-0.14165082537582294,-0.3096182976014345,-0.050006949955008435,0.08323264423776743,-0.026046616130511457,-0.06545778379631668
2079.5,0.018655101716774942,-0.27679479803261725,0.29544989974939223,-0.09250154110839055,-0.15332658344428587,0.024809274858054908,0.2706406248913373,0.005440203752334734,-0.03770179564477158
2080.5,-0.32024796089717794,-0.3192984456507305,-0.0009495152464474825,-0.09910506966874373,-0.14660844558978384,-0.006761731557978482,0.0058122163115310295,-0.029258822782453574,0.014227916819507464
2081.5,-0.3345650165041598,-0.4309861181207806,0.09642110161662075,-0.08129806525657075,-0.2873150396239937,0.01898228407568515,0.07743881754093555,-0.022963225828283102,-0.044427942278028966
2082.5,-0.24903816424938408,-0.2997653103307135,0.05072714608132948,-0.08775972412754172,-0.10020166823787761,-0.013004247536729982,0.06373139361805948,-0.03623799835833694,-0.016947045402117607
2083.5,-0.39423073174561857,-0.38511560280665497,-0.009115128938963601,-0.09169312564314687,-0.20102653103477375,-0.0633567752456307,0.054241646306667064,-0.03218272933918063,-0.06903836575201248
2084.5,-0.1481352121464397,-0.37866835198397103,0.2305331398375313,-0.09870346209465704,-0.20853438279796452,0.008859699313070554,0.22167344052446072,-0.007899186391751115,-0.09545958400495835
2085.5,-0.32855576987415447,-0.29356816070465236,-0.03498760916950217,-0.08133290109431772,-0.1644212861156534,-0.050340659256879604,0.015353050087377427,0.0001065480716994048,-0.005877955271417527
2086.5,0.049506774426536705,-0.1563801007942657,0.20588687522080237,-0.05865239284630711,-0.07199920255550955,0.012324822673123549,0.1935620525476789,0.009329878036332104,0.02070992728511495
2087.5,-0.050207810652735184,-0.1302156233128949,0.08000781266015967,-0.10651866158593622,-0.030623195693178385,-0.023430151175230233,0.1034379638353899,0.014668694264622278,0.007604158105025914
2088.5,-0.19078341616606057,-0.1734112355864138,-0.017372180579646707,-0.07813496922272356,-0.07725312317894847,-0.11832698225258104,0.1009548016729343,0.00944166063382587,0.027365052599435075
2089.5,-0.1797293137901391,-0.22758578989491404,0.04785647610477497,-0.06659106959923652,-0.11625790121987445,-0.053683319225426775,0.10153979533020178,-0.011119766841624412,-0.07140991506273875
2090.5,-0.1844280364272538,-0.33954410704562804,0.15511607061837432,-0.08044196321647641,-0.233539050526649,0.017003317900272395,0.13811275271810194,0.003902712704273076,-0.09947342851255608
2091.5,-0.3353126145673209,-0.5638231367344678,0.22851052216714687,-0.08470695421265677,-0.41955273116384556,-0.017413736417036915,0.2459242585841838,-0.0243866058588266,-0.13183856464198115
2092.5,-0.42585797670345643,-0.2365855537277214,-0.18927242297573507,-0.07365489986138891,-0.16436339537730307,-0.1168375384044711,-0.07243488457126397,0.009861622537352684,-0.021669454726181963
2093.5,-0.24630824206749935,-0.26560718774046627,0.019298945672966913,-0.049267142476292734,-0.16843707862038068,-0.02160491911484828,0.0409038647878152,-0.011336764383587572,-0.01410222559192024
2094.5,-0.17101370338814956,-0.2709279887847229,0.09991428539657334,-0.06411146607949153,-0.18029124505441466,-0.05581431671032611,0.15572860210689946,0.0011627075866012103,-0.08076719635101205
2095.5,-0.10260496575249733,-0.37134296733940975,0.2687380015869125,-0.076760851271398,-0.23944839340685833,0.055499343838080854,0.21323865774883158,-0.004818525535062064,-0.09192956668339299
2096.5,-0.30870718974207695,-0.39865196174017553,0.08994477199809847,-0.08462897557747386,-0.23796295262204212,-0.0015892429674892645,0.09153401496558773,-0.03242729403542077,-0.03406356981298679
2097.5,-0.2863227333020391,-0.3739543079167939,0.08763157461475475,-0.11393838034209734,-0.15234877131887944,-0.01665754703055215,0.10428912164530692,-0.040283367680984804,-0.061614685295830286
2098.5,-0.17106145975362055,-0.27266355223830335,0.10160209248468278,-0.09056666698034764,-0.13123802748732347,-0.006567397707934695,0.1081694901926175,-0.012578035328127991,-0.08911934413654037
2099.5,-0.10509444938556207,-0.19934256760690625,0.09424811822134417,-0.030584302620240703,-0.13085172986638482,0.014775653919835582,0.07947246430150863,-0.0010444060432410966,0.052401636382207656
2100.5,-0.08947926356101293,-0.10998031255931685,0.020501048998303944,-0.042376316844103916,-0.07524871470359558,-0.06872919872728035,0.0892302477255843,0.019666730321343483,0.06875864647453252
