model,variable,unit,scenario,region,1750,1751,1752,1753,1754,1755,1756,1757,1758,1759,1760,1761,1762,1763,1764,1765,1766,1767,1768,1769,1770,1771,1772,1773,1774,1775,1776,1777,1778,1779,1780,1781,1782,1783,1784,1785,1786,1787,1788,1789,1790,1791,1792,1793,1794,1795,1796,1797,1798,1799,1800,1801,1802,1803,1804,1805,1806,1807,1808,1809,1810,1811,1812,1813,1814,1815,1816,1817,1818,1819,1820,1821,1822,1823,1824,1825,1826,1827,1828,1829,1830,1831,1832,1833,1834,1835,1836,1837,1838,1839,1840,1841,1842,1843,1844,1845,1846,1847,1848,1849,1850,1851,1852,1853,1854,1855,1856,1857,1858,1859,1860,1861,1862,1863,1864,1865,1866,1867,1868,1869,1870,1871,1872,1873,1874,1875,1876,1877,1878,1879,1880,1881,1882,1883,1884,1885,1886,1887,1888,1889,1890,1891,1892,1893,1894,1895,1896,1897,1898,1899,1900,1901,1902,1903,1904,1905,1906,1907,1908,1909,1910,1911,1912,1913,1914,1915,1916,1917,1918,1919,1920,1921,1922,1923,1924,1925,1926,1927,1928,1929,1930,1931,1932,1933,1934,1935,1936,1937,1938,1939,1940,1941,1942,1943,1944,1945,1946,1947,1948,1949,1950,1951,1952,1953,1954,1955,1956,1957,1958,1959,1960,1961,1962,1963,1964,1965,1966,1967,1968,1969,1970,1971,1972,1973,1974,1975,1976,1977,1978,1979,1980,1981,1982,1983,1984,1985,1986,1987,1988,1989,1990,1991,1992,1993,1994,1995,1996,1997,1998,1999,2000,2001,2002,2003,2004,2005,2006,2007,2008,2009,2010,2011,2012,2013,2014,2015,2016,2017,2018,2019,2020,2021,2022,2023
dummy,BC,Mt BC/yr,historical,World,2.081487993,2.08318215,2.101828404,2.102592216,2.102194477,2.119320885,2.129828377,2.133814703,2.139943625,2.154115579,2.145321681,2.143549905,2.134837423,2.134467002,2.129438064,2.132010503,2.148396396,2.162042131,2.165623386,2.163328431,2.157062434,2.141928791,2.146744132,2.149226977,2.152020172,2.169199447,2.191610334,2.193097566,2.201123251,2.217147716,2.216522469,2.206947126,2.202621429,2.198581602,2.192950815,2.198422414,2.220974277,2.234695167,2.246179772,2.249700992,2.246169621,2.227721091,2.230163922,2.228842783,2.226597593,2.238384815,2.25642166,2.256865408,2.261015468,2.275160636,2.272822969,2.265218956,2.267625989,2.269101293,2.273087471,2.281679863,2.311004622,2.327609092,2.34185375,2.349954741,2.352321026,2.338998386,2.346495049,2.350659056,2.355144317,2.371789809,2.397207599,2.402237211,2.410850089,2.42916409,2.431963147,2.425553769,2.431257663,2.436783747,2.438603498,2.450466827,2.481368936,2.500775557,2.517994239,2.527098676,2.540414228,2.529707624,2.538786514,2.543883738,2.557785597,2.579754813,2.614209013,2.624582966,2.63559092,2.65712952,2.666944714,2.661041575,2.658752889,2.671027977,2.674825691,2.697237505,2.735709296,2.770225603,2.788630581,2.804870059,2.813816932,2.805768465,2.820071463,2.829958073,2.857773238,2.885693208,2.920637017,2.931949754,2.945527878,2.97692305,2.993536409,2.987641579,2.987369862,3.008639488,3.023866102,3.048895602,3.090524099,3.120485249,3.143118157,3.168573515,3.176702931,3.178275249,3.222762214,3.230951758,3.223106076,3.252424208,3.264375413,3.278568472,3.28643054,3.321918522,3.352109981,3.346602012,3.359948149,3.382715942,3.38319758,3.391575114,3.42229319,3.450516687,3.511325315,3.50319234,3.541231618,3.551656863,3.565120807,3.556835787,3.559857783,3.613173694,3.633210772,3.651962907,3.678828726,3.742289974,3.760425539,3.767018605,3.778759797,3.850612295,3.846225449,3.905569277,3.987555763,4.098503943,4.062651237,4.115146484,4.153846001,4.163778555,4.216847417,4.276205497,4.153397674,4.177466347,4.271100478,4.322953017,4.313495469,4.124084144,4.261373381,4.117133376,4.151470483,4.365221201,4.345767578,4.375680017,4.334844855,4.391831275,4.357984445,4.410009,4.270136634,4.149067912,4.055746726,4.089037267,4.193475303,4.244833693,4.341471571,4.409079608,4.305166569,4.346023478,4.437149654,4.489939359,4.529704217,4.584216364,4.576754099,4.324642871,4.391401082,4.410658398,4.479792858,4.416799964,4.455725062,4.497995034,4.515986943,4.484292803,4.552108566,4.698559888,4.824273809,4.871593085,5.00753332,5.120820308,5.224854411,5.15499655,5.178424843,5.243060203,5.225388496,5.255570149,5.251389772,5.212513623,5.318435768,5.420829142,5.541899138,5.667560984,5.806125913,5.937297959,5.974235136,6.051511929,6.259418087,6.44325932,6.629663537,6.72759013,6.667086369,6.573371952,6.549367858,6.606163336,6.752043345,6.761384927,6.934747194,7.061318759,7.217903696,7.410852823,7.448031366,7.483732164,7.495596222,7.585984036,7.594985308,7.938535594,8.041256885,8.043886852,7.725301301,7.603791941,7.43963817,7.333731098,7.372160618,7.572052911,7.806590976,7.928030339,7.944889514,7.914869937,7.973457608,7.822600597,7.838258131,7.759938618,7.81469945,7.737952235,7.620297823,7.423710401,7.295951682,7.343146144,7.230922285,7.214717388,6.97129209,7.159947873,7.124389342,7.142483244
dummy,C2F6,kt C2F6/yr,historical,World,0,0,0,0,0,0,0,0,0,0,0,0,0,0,0,0,0,0,0,0,0,0,0,0,0,0,0,0,0,0,0,0,0,0,0,0,0,0,0,0,0,0,0,0,0,0,0,0,0,0,0,0,0,0,0,0,0,0,0,0,0,0,0,0,0,0,0,0,0,0,0,0,0,0,0,0,0,0,0,0,0,0,0,0,0,0,0,0,0,0,0,0,0,0,0,0,0,0,0,0,0,0,0,0,0,0,0,0,0,0,0,0,0,0,0,0,0,0,0,0,0,0,8.91E-06,1.23E-05,1.62E-05,2.01E-05,2.38E-05,2.65E-05,2.75E-05,2.56E-05,1.95E-05,7.41E-06,0,0,0,0,0,0,0,0,0,0,0,0,0,0,0.000278344,0.000985654,0.002007097,0.003423473,0.005327729,0.007824492,0.011018921,0.015003605,0.019921178,0.025878344,0.032982038,0.04127694,0.05080448,0.061508177,0.073175942,0.085521431,0.098326209,0.111320953,0.124262023,0.136864026,0.148779124,0.159636438,0.169391693,0.178411797,0.18741547,0.197218263,0.208511579,0.221046303,0.233940636,0.246369182,0.257851221,0.268185923,0.277597868,0.286961361,0.298208176,0.314330902,0.33892494,0.375051394,0.424150628,0.48558527,0.556773283,0.633712012,0.711546401,0.784966983,0.848404098,0.896252737,0.922916795,0.924464776,0.901493269,0.861430606,0.814291919,0.766429044,0.720399431,0.677056656,0.636472949,0.597840532,0.559940813,0.52173301,0.482686349,0.443089734,0.404125645,0.367708576,0.33623608,0.312133951,0.297822394,0.295930139,0.309402522,0.34132887,0.394856107,0.472921984,0.578080149,0.712016936,0.875150519,1.066149086,1.281529669,1.515629725,1.760812409,2.007945453,2.061953252,1.897907881,1.830444821,1.894015074,1.96687477,2.034953389,2.06225607,1.8938291,1.634903465,1.731338409,2.266643878,2.31113456,2.242638035,2.091783282,2.151259271,2.270092315,2.299541446,2.309849027,2.106891383,2.102876607,2.079866866,2.286563857,2.591237829,2.925239322,2.957889385,3.051427259,3.102689946,2.869053614,2.851718576,2.662957604,2.398933385,2.238795892,2.301538145,2.318492397,2.076218484,1.85709692,1.975794656,1.944152002,1.907933324,1.937356106,1.94656748,1.967785884,2.138915443,2.267490933,2.211953888,2.203614117,2.168661793,2.256398765,2.344135737,2.431872709
dummy,C3F8,kt C3F8/yr,historical,World,0,0,0,0,0,0,0,0,0,0,0,0,0,0,0,0,0,0,0,0,0,0,0,0,0,0,0,0,0,0,0,0,0,0,0,0,0,0,0,0,0,0,0,0,0,0,0,0,0,0,0,0,0,0,0,0,0,0,0,0,0,0,0,0,0,0,0,0,0,0,0,0,0,0,0,0,0,0,0,0,0,0,0,0,0,0,0,0,0,0,0,0,0,0,0,0,0,0,0,0,0,0,0,0,0,0,0,0,0,0,0,0,0,0,0,0,0,0,0,0,0,0,0,0,0,0,0,0,0,0,0,0,0,0,0,0,0,0,0,0,0,0,0,0,0,0,5.95E-06,2.21E-05,4.55E-05,7.78E-05,0.00012103,0.000177378,0.000248892,0.000337066,0.00044438,0.000573097,0.000725901,0.000903729,0.001108203,0.001339327,0.001593153,0.00186339,0.002144444,0.002430407,0.002715878,0.002994244,0.00325762,0.00349772,0.003713263,0.003912059,0.004109679,0.004323852,0.004570232,0.004844106,0.005126288,0.005399378,0.005654443,0.005889453,0.006112313,0.006346338,0.006639978,0.007067502,0.007717332,0.008666772,0.009957005,0.011581059,0.013485952,0.015583872,0.01776393,0.019900941,0.021859503,0.023499105,0.024674337,0.02527899,0.025323701,0.025003009,0.024582777,0.024225951,0.023983725,0.023852838,0.023801182,0.02376229,0.023649405,0.023377267,0.022877956,0.022118868,0.021111476,0.019911501,0.018608644,0.017303733,0.016105213,0.015139598,0.014552718,0.014501669,0.015151556,0.01666744,0.019212629,0.022939153,0.027980223,0.034437877,0.042367843,0.051768999,0.062566012,0.074588284,0.087562967,0.101146645,0.114978277,0.128608367,0.141505452,0.153120805,0.162969471,0.170833841,0.176997097,0.182196103,0.187364411,0.193632944,0.202420358,0.215223436,0.23343084,0.25834057,0.291248061,0.333177453,0.384559211,0.444917406,0.512655634,0.585035638,0.658402308,0.728634875,0.791648778,0.843831255,0.882355176,0.9054145,0.912382624,0.903854621,0.881577408,0.848273134,0.807383565,0.762727855,0.717840886,0.675395527,0.637984103,0.605324471,0.5799186,0.561463074,0.551385113,0.548729585,0.553962431,0.566022525,0.584623873,0.607415874,0.633849031,0.662958679,0.692068328,0.721177976
dummy,C4F10,kt C4F10/yr,historical,World,0,0,0,0,0,0,0,0,0,0,0,0,0,0,0,0,0,0,0,0,0,0,0,0,0,0,0,0,0,0,0,0,0,0,0,0,0,0,0,0,0,0,0,0,0,0,0,0,0,0,0,0,0,0,0,0,0,0,0,0,0,0,0,0,0,0,0,0,0,0,0,0,0,0,0,0,0,0,0,0,0,0,0,0,0,0,0,0,0,0,0,0,0,0,0,0,0,0,0,0,0,0,0,0,0,0,0,0,0,0,0,0,0,0,0,0,0,0,0,0,0,0,0,0,0,0,0,0,0,0,0,0,0,0,0,0,0,0,0,0,0,0,0,0,0,0,0,0,0,0,0,0,0,0,0,0,0,0,0,0,0,0,0,0,0,0,0,0,0,0,0,0,0,0,0,0,0,0,1.67E-06,5.94E-06,1.19E-05,1.97E-05,2.94E-05,4.10E-05,5.40E-05,6.77E-05,8.21E-05,9.73E-05,0.000113808,0.000131925,0.000152142,0.0001745,0.000198686,0.000223564,0.000247181,0.000266276,0.000276294,0.00027096,0.00024243,0.000181118,7.62E-05,0,0,0,0,0,0,0,0,0,0,0,0,0,0.000645769,0.004271311,0.009420468,0.016308461,0.025054585,0.035612882,0.047685003,0.060728736,0.074281954,0.087970763,0.101620362,0.115124514,0.128473944,0.141635251,0.15460679,0.167306813,0.179655935,0.191564781,0.203047706,0.214119157,0.224847773,0.235247702,0.245338998,0.255045478,0.264261656,0.272757832,0.280263796,0.286417068,0.290866671,0.293218668,0.293136562,0.290278573,0.284393478,0.275285456,0.262961747,0.247647742,0.229941692,0.210736459,0.191114309,0.172092909,0.154564702,0.139117818,0.126081999,0.11551637,0.107332562,0.101287098,0.097096076,0.094413872,0.092929558,0.092329224,0.092374572,0.092846894,0.093609899,0.094542255,0.09559374,0.096712289,0.097897767,0.099127312,0.100356857,0.101586401
dummy,C5F12,kt C5F12/yr,historical,World,0,0,0,0,0,0,0,0,0,0,0,0,0,0,0,0,0,0,0,0,0,0,0,0,0,0,0,0,0,0,0,0,0,0,0,0,0,0,0,0,0,0,0,0,0,0,0,0,0,0,0,0,0,0,0,0,0,0,0,0,0,0,0,0,0,0,0,0,0,0,0,0,0,0,0,0,0,0,0,0,0,0,0,0,0,0,0,0,0,0,0,0,0,0,0,0,0,0,0,0,0,0,0,0,0,0,0,0,0,0,0,0,0,0,0,0,0,0,0,0,0,0,0,0,0,0,0,0,0,0,0,0,0,0,0,0,0,0,0,0,0,0,0,0,0,0,0,0,0,0,0,0,0,0,0,0,0,0,0,0,0,0,0,0,0,0,0,0,0,0,0,0,0,0,0,0,0,1.73E-06,7.39E-06,1.53E-05,2.58E-05,3.90E-05,5.47E-05,7.24E-05,9.11E-05,0.000109224,0.000125225,0.000137518,0.000144396,0.000143704,0.000133032,0.000109467,7.00E-05,1.13E-05,0,0,0,0,0,0,0,0,0,0,0,0,0.000913628,0.002262846,0.004103117,0.006481129,0.009402814,0.012824825,0.016691496,0.020942663,0.025527752,0.030398503,0.035522231,0.040867056,0.046414529,0.052147934,0.05807219,0.064205246,0.070593239,0.077290015,0.084371003,0.091914749,0.10001907,0.108773181,0.118266113,0.128551015,0.139675387,0.151656323,0.164499715,0.178159226,0.192538569,0.207433871,0.222543057,0.237492157,0.251874047,0.265220036,0.277007516,0.286640152,0.293480969,0.296870851,0.29622373,0.29112825,0.281475992,0.267563874,0.250111229,0.230065906,0.208416213,0.18613256,0.164127853,0.143239724,0.124183947,0.107468422,0.093343419,0.081826208,0.072780499,0.065972496,0.061112882,0.057877074,0.055938173,0.054984261,0.054742833,0.054985857,0.055537869,0.056267042,0.057086144,0.057939862,0.058802131,0.059662352,0.060522573,0.061382794
dummy,C6F14,kt C6F14/yr,historical,World,0,0,0,0,0,0,0,0,0,0,0,0,0,0,0,0,0,0,0,0,0,0,0,0,0,0,0,0,0,0,0,0,0,0,0,0,0,0,0,0,0,0,0,0,0,0,0,0,0,0,0,0,0,0,0,0,0,0,0,0,0,0,0,0,0,0,0,0,0,0,0,0,0,0,0,0,0,0,0,0,0,0,0,0,0,0,0,0,0,0,0,0,0,0,0,0,0,0,0,0,0,0,0,0,0,0,0,0,0,0,0,0,0,0,0,0,0,0,0,0,0,0,0,0,0,0,0,0,0,0,0,0,0,0,0,0,0,0,0,0,0,0,0,0,0,0,0,0,0,0,0,0,0,0,0,0,0,0,0,0,0,0,0,0,0,0,0,0,0,0,0,0,0,0,0,0,0,0,3.18E-06,8.02E-06,1.46E-05,2.30E-05,3.33E-05,4.53E-05,5.84E-05,7.17E-05,8.50E-05,9.82E-05,0.000111227,0.000124379,0.000137774,0.00015126,0.000164478,0.000176477,0.000185839,0.000190307,0.000186945,0.000171853,0.000140449,8.74E-05,7.13E-06,0,0,0,0,0,0,0,0,0,0,0,0,0.000468114,0.002281793,0.004845995,0.008281488,0.012741418,0.018368108,0.025267897,0.033448298,0.042833635,0.053261066,0.0645108,0.076286955,0.088234599,0.099923126,0.110849885,0.120470994,0.12846384,0.134855126,0.140021113,0.14465001,0.149711226,0.156419163,0.16620658,0.180676209,0.201542114,0.230474696,0.268903612,0.31771262,0.376867585,0.444914899,0.518406271,0.591210538,0.653985355,0.696142389,0.712452249,0.702236463,0.670606246,0.623665154,0.568667216,0.510455177,0.453532714,0.399862056,0.351490995,0.308534534,0.271784411,0.240535351,0.215046488,0.194260488,0.178205014,0.16564313,0.156409947,0.149077404,0.143315441,0.137618186,0.131697666,0.124207162,0.11513664,0.103554966,0.09003597,0.076516974,0.062997977
dummy,C7F16,kt C7F16/yr,historical,World,0,0,0,0,0,0,0,0,0,0,0,0,0,0,0,0,0,0,0,0,0,0,0,0,0,0,0,0,0,0,0,0,0,0,0,0,0,0,0,0,0,0,0,0,0,0,0,0,0,0,0,0,0,0,0,0,0,0,0,0,0,0,0,0,0,0,0,0,0,0,0,0,0,0,0,0,0,0,0,0,0,0,0,0,0,0,0,0,0,0,0,0,0,0,0,0,0,0,0,0,0,0,0,0,0,0,0,0,0,0,0,0,0,0,0,0,0,0,0,0,0,0,0,0,0,0,0,0,0,0,0,0,0,0,0,0,0,0,0,0,0,0,0,0,0,0,0,0,0,0,0,0,0,0,0,0,0,0,0,0,0,0,0,0,0,0,0,0,0,0,0,0,3.00E-07,4.01E-06,9.30E-06,1.64E-05,2.55E-05,3.65E-05,4.92E-05,6.28E-05,7.63E-05,8.79E-05,9.49E-05,9.41E-05,8.11E-05,5.08E-05,0,0,0,0,0,0,0,0,0,0,0,0,0,0.000511427,0.001922741,0.003903015,0.006525459,0.009824112,0.0137678,0.018226961,0.022957254,0.027656883,0.032034372,0.035934989,0.039276667,0.0420611,0.044293139,0.046003382,0.047196467,0.047916298,0.048205147,0.048147959,0.047821851,0.047344515,0.046829451,0.046438501,0.04633885,0.046754724,0.047920016,0.050121877,0.053640525,0.05877492,0.065758885,0.074757684,0.0857498,0.098485139,0.112390344,0.126766679,0.140818426,0.153805063,0.165084971,0.174408391,0.18170602,0.187157559,0.190962824,0.193443828,0.19484975,0.195488496,0.195555704,0.195284783,0.194789607,0.194223703,0.193628601,0.193096171,0.192618062,0.192247734,0.191948934,0.191755968,0.191620501,0.191570199,0.191553914,0.191598493,0.191653055,0.191745052,0.191823544,0.19191492,0.191965884,0.191999242,0.19195671,0.191856114,0.191634945,0.191308618,0.190815943,0.190179493,0.189353054,0.188386377,0.187419699,0.186453022
dummy,C8F18,kt C8F18/yr,historical,World,0,0,0,0,0,0,0,0,0,0,0,0,0,0,0,0,0,0,0,0,0,0,0,0,0,0,0,0,0,0,0,0,0,0,0,0,0,0,0,0,0,0,0,0,0,0,0,0,0,0,0,0,0,0,0,0,0,0,0,0,0,0,0,0,0,0,0,0,0,0,0,0,0,0,0,0,0,0,0,0,0,0,0,0,0,0,0,0,0,0,0,0,0,0,0,0,0,0,0,0,0,0,0,0,0,0,0,0,0,0,0,0,0,0,0,0,0,0,0,0,0,0,0,0,0,0,0,0,0,0,0,0,0,0,0,0,0,0,0,0,0,0,0,0,0,0,0,0,0,0,0,0,0,0,0,0,0,0,0,0,0,0,0,0,0,0,0,0,0,0,0,0,0,0,0,0,0,0,0,0,0,0,1.96E-06,4.41E-06,7.68E-06,1.18E-05,1.69E-05,2.26E-05,2.88E-05,3.48E-05,3.99E-05,4.28E-05,4.21E-05,3.57E-05,2.12E-05,0,0,0,0,0,0,0,0,0,0,0,0,0,0,5.77E-05,0.000943722,0.002211394,0.003917413,0.006095631,0.00873994,0.011782497,0.015072806,0.018402421,0.021595251,0.024475209,0.026919802,0.028818251,0.030122122,0.030808151,0.030946261,0.030664037,0.03020654,0.029897423,0.030193781,0.031636563,0.034886913,0.040650141,0.049692369,0.062710898,0.080046573,0.101481638,0.126536053,0.154032826,0.183139875,0.212440761,0.241368031,0.268579985,0.293525276,0.314710935,0.331956078,0.344071012,0.351317354,0.352787936,0.348836696,0.338694658,0.323400958,0.30301485,0.279139656,0.252495661,0.225139337,0.197838289,0.172195119,0.148937832,0.128858561,0.112362259,0.099831207,0.090976815,0.085648715,0.083240782,0.083428716,0.085511888,0.089157076,0.093888855,0.099631019,0.106069393,0.113297258,0.121077361,0.128857464,0.136637568
dummy,CCl4,kt CCl4/yr,historical,World,0,0,0,0,0,0,0,0,0,0,0,0,0,0,0,0,0,0,0,0,0,0,0,0,0,0,0,0,0,0,0,0,0,0,0,0,0,0,0,0,0,0,0,0,0,0,0,0,0,0,0,0,0,0,0,0,0,0,0,0,0,0,0,0,0,0,0,0,0,0,0,0,0,0,0,0,0,0,0,0,0,0,0,0,0,0,0,0,0,0,0,0,0,0,0,0,0,0,0,0,0,0,0,0,0,0,0,0,0,0,0,0,0,0,0,0,0,0,0,0,0.000324981,0.000714236,0.001233688,0.001891801,0.00268447,0.003588446,0.004553454,0.005493228,0.006276013,0.006715382,0.00656272,0.005503245,0.00315806,0,0,0,0,0,0,0,0,0,0,0,0,0,0,0.015162361,0.156820301,0.35875404,0.629702471,0.974701923,1.393337975,1.881177557,2.431606267,3.037178542,3.690548361,4.385057339,5.11505673,5.876033585,6.664601608,7.478406275,8.315982816,9.17659536,10.06007713,10.96668398,11.89696836,12.85167649,13.83166851,14.83785972,15.8711799,16.93254716,18.0228531,19.14295525,20.29367492,21.47579672,22.69006889,23.93720207,25.21786622,26.53268415,27.88222275,29.26698159,30.68738078,32.1437501,33.63632189,35.16523217,36.73053473,38.33223469,39.97034799,41.64499538,43.35653726,45.10575643,46.89409396,48.72393642,50.59894957,52.52444063,54.50772283,56.55843448,58.68875117,60.91340012,63.24936561,65.71514776,68.32941376,71.1088725,74.06519316,77.20082008,81.88798315,86.42087337,91.04868806,95.7714272,100.0748754,104.9716428,108.4206885,111.9171964,115.4611665,114.938876,114.5945894,114.1791095,113.6924363,113.3916773,113.0276354,112.6003106,112.1097027,111.8129196,111.7178715,111.3182535,110.863263,110.6100075,101.8247362,115.8706519,113.0937818,105.3052998,105.4674006,109.2052779,110.7162001,114.0426968,121.5541098,108.6946675,113.6548002,112.5709145,86.48430061,73.9651279,70.57133121,61.16913337,64.34545663,57.61323586,55.31910445,55.29147995,53.2307251,48.30223389,53.27437634,50.97233456,50.679692,50.91708555,50.92901291,47.62227151,43.72221103,43.58384132,37.81283372,41.14740562,39.98851555,38.56460744,40.72438613,38.86536636,38.26024352,33.54930813,37.71848605,39.98900994,41.06891989,33.46254124,40.8119358,37.87304729,35.12007312,32.04670829
dummy,CF4,kt CF4/yr,historical,World,0.01445313,0.01445313,0.01445313,0.01445313,0.01445313,0.01445313,0.01445313,0.01445313,0.01445313,0.01445313,0.01445313,0.01445313,0.01445313,0.01445313,0.01445313,0.01445313,0.01445313,0.01445313,0.01445313,0.01445313,0.01445313,0.01445313,0.01445313,0.01445313,0.01445313,0.01445313,0.01445313,0.01445313,0.01445313,0.01445313,0.01445313,0.01445313,0.01445313,0.01445313,0.01445313,0.01445313,0.01445313,0.01445313,0.01445313,0.01445313,0.01445313,0.01445313,0.01445313,0.01445313,0.01445313,0.01445313,0.01445313,0.01445313,0.01445313,0.01445313,0.01445313,0.01445313,0.01445313,0.01445313,0.01445313,0.01445313,0.01445313,0.01445313,0.01445313,0.01445313,0.01445313,0.01445313,0.01445313,0.01445313,0.01445313,0.01445313,0.01445313,0.01445313,0.01445313,0.01445313,0.01445313,0.01445313,0.01445313,0.01445313,0.01445313,0.01445313,0.014453129,0.014453129,0.014453128,0.014453127,0.014453126,0.014453125,0.014453124,0.014453122,0.014453121,0.01445312,0.01445312,0.014453121,0.014453124,0.014453128,0.014453135,0.014453146,0.014453161,0.01445318,0.014453203,0.01445323,0.014453261,0.014453292,0.01445332,0.01445334,0.014453345,0.014453326,0.014453272,0.01445317,0.014453005,0.014452762,0.014452429,0.014451995,0.014451458,0.014450828,0.014450129,0.014449413,0.014448756,0.014448277,0.014448135,0.014448536,0.014449738,0.014452043,0.014455783,0.0144613,0.014468907,0.014478831,0.014491138,0.014505631,0.014521732,0.014538333,0.014553642,0.014565014,0.014568807,0.014560273,0.014533527,0.014481643,0.014396934,0.014271482,0.014097997,0.013871089,0.013589005,0.013255907,0.012884681,0.012500252,0.012143247,0.011873781,0.011774917,0.01195577,0.01255474,0.013741519,0.015722423,0.018742758,0.023094665,0.029116927,0.037201085,0.047785075,0.061309716,0.078157478,0.098931929,0.124080471,0.15406772,0.1890952,0.229364639,0.274669632,0.324164957,0.376647115,0.431206761,0.486686837,0.542059772,0.596099548,0.647340695,0.694190557,0.736452572,0.775657068,0.814878605,0.857617894,0.906903024,0.961779318,1.018614411,1.0740135,1.126166715,1.174583357,1.220786102,1.2692797,1.329398556,1.415332278,1.544148339,1.73066847,1.982513069,2.297761445,2.665349968,3.067233614,3.480911849,3.881170583,4.241000792,4.532656586,4.728025918,4.806952661,4.772134473,4.661753201,4.528463529,4.406367066,4.309270739,4.241458055,4.202532171,4.186520766,4.184380155,4.187687383,4.19102519,4.194778726,4.20636115,4.23970702,4.313108029,4.444591989,4.650615017,4.948050824,5.35459119,5.886381842,6.556679181,7.373749458,8.340924665,9.454170312,10.70132688,12.0615683,13.50447082,14.99265105,16.48291961,17.92716026,18.65329944,17.18894419,16.87643898,17.72383593,18.16397272,18.76247704,18.26204571,17.51537002,15.92125246,16.00154814,17.11833183,16.4134827,15.5936397,15.96018952,16.11119723,16.38642179,15.54808972,15.53706865,13.22640716,12.45592769,11.44508372,11.49875795,11.43557421,11.31600137,11.12552587,11.07005945,10.98257205,10.37388529,10.43503109,10.99746012,10.98942159,10.74679282,10.9505712,10.91263187,10.24071582,9.645317665,10.21973676,10.96486157,11.17448038,11.12494119,11.25006958,11.9752926,12.94790193,13.91099239,14.33960908,14.44348631,14.54118766,14.73336448,14.9255413,15.11771813
dummy,CFC-11,kt CFC11/yr,historical,World,0,0,0,0,0,0,0,0,0,0,0,0,0,0,0,0,0,0,0,0,0,0,0,0,0,0,0,0,0,0,0,0,0,0,0,0,0,0,0,0,0,0,0,0,0,0,0,0,0,0,0,0,0,0,0,0,0,0,0,0,0,0,0,0,0,0,0,0,0,0,0,0,0,0,0,0,0,0,0,0,0,0,0,0,0,0,0,0,0,0,0,0,0,0,0,0,0,0,0,0,0,0,0,0,0,0,0,0,0,0,0,0,0,0,0,0,0,0,0,0,0,0,0,0,0,0,0,0,0,0,0,0,0,0,0,0,0,0,0,0,0,0,0,0,0,0,0,0,0,0,0,0,0,0,0,0,0,0,0,0,0,0,0,0,0,0,0,0,0,0.001785016,0.004330514,0.00776997,0.012177398,0.017547498,0.023751591,0.030484135,0.03720119,0.043053999,0.046823236,0.046862508,0.041063403,0.026858618,0.001284224,0,0,0,0,0,0,0,0,0,0,0,0,0,0,0.84426893,2.163013004,3.954955609,6.262858649,9.089074534,12.38404517,16.07625472,20.11022684,24.48185934,30.39854131,33.90898139,31.77008422,32.31782916,42.67963714,54.82601212,69.01561839,84.37029733,99.99450154,114.0623589,127.4520279,144.7108004,164.7670613,191.3203737,217.1846231,238.6863289,269.2000078,308.2061507,339.1958252,328.2252027,334.9677239,321.4235,306.3772898,274.743912,262.0474582,270.2594244,268.5160372,279.6776571,295.5474144,316.2122528,347.9214347,350.7100893,324.4738981,284.6371508,234.6038024,190.6284682,171.5611007,126.9967442,102.7887155,90.89664373,93.16160918,83.38233752,83.01066043,77.850416,78.30907854,72.62715833,61.37198354,66.80615617,61.40681673,60.48521414,57.2812713,60.65264334,62.7372077,65.10651945,56.12499054,57.71396221,59.57898691,66.2890923,73.59912275,69.19313531,74.07084077,82.01992091,72.78406095,49.68461943,58.56403833,56.44691887,54.0754823,51.67361545
dummy,CFC-113,kt CFC113/yr,historical,World,0,0,0,0,0,0,0,0,0,0,0,0,0,0,0,0,0,0,0,0,0,0,0,0,0,0,0,0,0,0,0,0,0,0,0,0,0,0,0,0,0,0,0,0,0,0,0,0,0,0,0,0,0,0,0,0,0,0,0,0,0,0,0,0,0,0,0,0,0,0,0,0,0,0,0,0,0,0,0,0,0,0,0,0,0,0,0,0,0,0,0,0,0,0,0,0,0,0,0,0,0,0,0,0,0,0,0,0,0,0,0,0,0,0,0,0,0,0,0,0,0,0,0,0,0,0,0,0,0,0,0,0,0,0,0,0,0,0,0,0,0,0,0,0,0,0,0,0,0,0,0,0,0.00024807,0.000372753,0.000521134,0.000688023,0.000862985,0.001028693,0.001159205,0.001218352,0.00115849,0.000919991,0.000431939,0,0,0,0,0,0,0,0,0,0,0,0,0,0,0.007768537,0.035712767,0.074949869,0.126941504,0.192378577,0.270850238,0.361142591,0.461608674,0.570433228,0.68580826,0.806037286,0.92958613,1.055097188,1.181382455,1.307408918,1.43228819,1.555280786,1.675823856,1.793589775,1.908581077,2.021264891,2.132746599,2.24497778,2.360987014,2.48511368,2.623214019,2.782795803,2.973022694,3.204513411,3.544361063,4.197531904,4.85733386,5.523766932,6.19683112,7.186534054,8.186183662,9.505787575,10.52864609,12.49147417,14.16418796,16.16348718,18.49268737,21.1551041,24.46406056,27.80617259,32.1114631,36.45985585,42.09138139,51.18935534,52.00995889,52.21386272,52.72445863,81.13574133,82.25474508,125.5381022,120.2944851,124.5914778,156.2022976,159.9273476,183.2060873,231.2075189,230.1017477,222.4493451,199.8104783,200.1569393,92.91417448,78.4366455,48.29627264,30.22796479,22.50429848,13.76772033,12.3784897,10.04597395,17.92050111,9.450828341,0.891635507,2.783182064,4.077922263,9.109331823,5.206884569,1.264650621,1.622736812,10.66766779,3.381661054,6.559655944,3.573969352,4.27853431,6.233076466,3.560713062,4.891924398,7.789751678,4.830589549,3.081617922,0.076037982,0,0.205350681,2.136683932
dummy,CFC-114,kt CFC114/yr,historical,World,0,0,0,0,0,0,0,0,0,0,0,0,0,0,0,0,0,0,0,0,0,0,0,0,0,0,0,0,0,0,0,0,0,0,0,0,0,0,0,0,0,0,0,0,0,0,0,0,0,0,0,0,0,0,0,0,0,0,0,0,0,0,0,0,0,0,0,0,0,0,0,0,0,0,0,0,0,0,0,0,0,0,0,0,0,0,0,0,0,0,0,0,0,0,0,0,0,0,0,0,0,0,0,0,0,0,0,0,0,0,0,0,0,0,0,0,0,0,0,0,0,0,0,0,0,0,0,0,0,0,0,0,0,0,0,0,0,0,0,0,0,0,0,0,0,0,0,0,0,0,0,0,0,0,0,0,0,0,0,0,4.32E-05,0.000233595,0.000502139,0.00085933,0.001310492,0.001852198,0.002467765,0.003121865,0.003754428,0.004274201,0.004552577,0.004418606,0.003656502,0.002007338,0,0,0,0,0,0,0,0,0,0,0,0,0,0,0.015033299,0.113193697,0.252555485,0.438925734,0.675984581,0.96581417,1.309481489,1.707247705,2.158462187,2.66120833,3.211778208,3.804066394,4.428991665,5.074079635,5.723369195,6.357839407,6.956587803,7.499020893,7.255700704,7.010892322,7.328622154,6.237774162,6.551039415,6.865792862,7.182034501,7.499764333,7.818982358,8.139688576,8.179869784,8.784077398,9.109248195,9.435907184,9.764054366,10.37570295,10.4263015,11.32293967,14.19813484,14.83210631,15.18704097,15.82547702,14.49279703,15.97280811,18.02428656,17.26605033,15.37529671,14.03815214,16.64175146,19.54075772,19.35250066,20.85483464,21.51856997,17.10904402,13.8037598,11.60867008,7.991608793,6.047280226,5.502600326,4.10890443,2.989780773,2.992757158,3.277746748,3.000198123,2.157134898,2.437659908,2.155646705,1.872145308,2.997221737,2.154158512,0,0.445709169,3.255423855,4.387941247,2.98829258,1.863216151,0.732186951,0,0.990389069,1.828987715,0.979971719,1.818570365,2.097607183,2.942158601,0.125002951,0,0.099703672,0.93383774
dummy,CFC-115,kt CFC115/yr,historical,World,0,0,0,0,0,0,0,0,0,0,0,0,0,0,0,0,0,0,0,0,0,0,0,0,0,0,0,0,0,0,0,0,0,0,0,0,0,0,0,0,0,0,0,0,0,0,0,0,0,0,0,0,0,0,0,0,0,0,0,0,0,0,0,0,0,0,0,0,0,0,0,0,0,0,0,0,0,0,0,0,0,0,0,0,0,0,0,0,0,0,0,0,0,0,0,0,0,0,0,0,0,0,0,0,0,0,0,0,0,0,0,0,0,0,0,0,0,0,0,0,0,0,0,0,0,0,0,0,0,0,0,0,0,0,0,0,0,0,0,0,0,0,0,0,0,0,0,0,0,0,0,0,0,0,0,0,0,0,0,0,0,0,0,0,0,0,0,0,0,0,0,0,0,0,0,0,0,0,0,0,0,0,0,0,0,0,0,0,0,0,0,0,0,0,0,0,0,0,0,0,0,0,0,0,0,0,0,0,0,0,0,0,0,0,0.254425455,0.509321631,0.510263076,0.765629975,1.021467596,1.27777594,1.78898046,1.792275516,2.049996027,2.562612714,5.111574482,5.120988928,5.384828827,5.14028854,5.149702985,6.431244704,3.389907305,6.703557604,7.733498201,6.984343505,9.795733007,11.59459863,12.12463205,10.62020326,10.38507742,11.42160813,12.20559627,10.70116749,8.939488924,8.955493481,9.225923492,7.715846044,6.457369716,5.196539778,3.678930773,2.41292289,1.907837759,2.165087547,1.913957148,1.407930572,0.900962552,0.647478542,0.39352381,0.39352381,0.647949265,0.393994532,0.648419987,0.903316164,0.649832154,0.650302876,1.159624507,1.161036674,1.67129975,1.928078816,1.930903149,1.424876574,0.15463219,0,0,0.152278579
dummy,CFC-12,kt CFC12/yr,historical,World,0,0,0,0,0,0,0,0,0,0,0,0,0,0,0,0,0,0,0,0,0,0,0,0,0,0,0,0,0,0,0,0,0,0,0,0,0,0,0,0,0,0,0,0,0,0,0,0,0,0,0,0,0,0,0,0,0,0,0,0,0,0,0,0,0,0,0,0,0,0,0,0,0,0,0,0,0,0,0,0,0,0,0,0,0,0,0,0,0,0,0,0,0,0,0,0,0,0,0,0,0,0,0,0,0,0,0,0,0,0,0,0,0,0,0,0,0,0,0,0,0,0,0,0,0,0,0,0,0,0,0,0,0,0,0,0,0,0,0,0,0,0,0,0,0,0,0,0,0,0,0,0,0,0,0,0,0,0,0,0,0.001061348,0.002463313,0.004347854,0.00675144,0.009666199,0.01301589,0.016626886,0.020194966,0.023249712,0.025119611,0.024902627,0.021449008,0.013365369,0,0,0,0,0,0,0,0,0,0,0,0,0,0,0.001482844,0.506672076,1.233397363,2.21571036,3.474902769,5.013341601,6.820430309,8.8799829,11.17575861,13.69562417,16.43481673,19.39874377,22.6056867,26.08967578,29.90367884,34.12309052,38.8493222,44.21307153,50.37659341,58.63906475,66.57770811,69.78964165,78.02577625,93.13446357,104.384532,120.5349271,141.6324671,164.7246651,185.6300512,208.3242894,235.0224759,263.5621849,294.158976,321.2317037,346.1429794,377.8673082,418.6685552,454.0359368,441.9226145,431.4508642,418.6391696,407.0652381,407.9401296,352.2027778,420.0592212,383.3740382,411.0817372,380.4429587,458.247339,452.0009521,514.4410838,507.2710048,438.0041009,361.6227542,318.655132,284.64056,218.8801786,222.4442213,227.6313022,198.2654163,165.401807,160.6019392,148.351116,137.7750275,120.2932236,106.0370148,103.2376637,91.41308769,87.67151707,65.09918967,58.90453116,61.05135421,44.62784743,48.04364569,52.29827358,42.20305659,43.21160801,48.43479214,34.31904384,30.06832702,44.17823262,28.23949244,12.95035898,24.11265632,22.19505775,20.46570832,18.72660514
dummy,CH2Cl2,kt CH2Cl2/yr,historical,World,215.9731971,215.9731971,215.9731971,215.9731971,215.9731971,215.9731971,215.9731971,215.9731971,215.9731971,215.9731971,215.9731971,215.9731971,215.9731971,215.9731971,215.9731971,215.9731971,215.9731971,215.9731971,215.9731971,215.9731971,215.9731971,215.9731971,215.9731971,215.9731971,215.9731971,215.9731971,215.9731971,215.9731971,215.9731971,215.9731971,215.9731971,215.9731971,215.9731971,215.9731971,215.9731971,215.9731971,215.9731971,215.9731971,215.9731971,215.9731971,215.9731971,215.9731971,215.9731971,215.9731971,215.9731971,215.9731971,215.9731971,215.9731971,215.9731971,215.9731971,215.9731971,215.9731971,215.9731971,215.9731971,215.9731971,215.9731971,215.9731971,215.9731971,215.9731971,215.9731971,215.9731971,215.9731971,215.9731971,215.9731971,215.9731971,215.9731971,215.9731971,215.9731971,215.9731971,215.9731971,215.9731971,215.9731971,215.9731971,215.9731971,215.9731971,215.9731971,215.9731971,215.9731971,215.9731971,215.9731971,215.9731971,215.9731971,215.9731971,215.9731971,215.9731971,215.9731971,215.9731971,215.9731971,215.9731971,215.9731971,215.9731971,215.9731971,215.9731971,215.9731971,215.9731971,215.9731971,215.9731971,215.9731971,215.9731971,215.9731971,215.9731971,215.9731971,215.9731971,215.9731971,215.9731971,215.9731971,215.9731971,215.9731971,215.9731971,215.9731971,215.9731971,215.9731971,215.9731971,215.9731971,215.9731971,215.9731972,215.9731972,215.9731972,215.9731971,215.9731971,215.9731971,215.973197,215.9731969,215.9731967,215.9731965,215.9731963,215.973196,215.9731957,215.9731954,215.9731952,215.973195,215.9731951,215.9731954,215.9731961,215.9731973,215.9731992,215.9732019,215.9732056,215.9732102,215.9732157,215.9732221,215.9732289,215.9732355,215.9732411,215.9732444,215.9732436,215.9732366,215.9732206,215.9731926,215.9731494,215.9730879,215.9730053,215.9729001,215.9727727,215.9726265,215.9724693,215.9723144,215.9721825,215.9721032,215.9721159,215.9722709,215.9726292,215.9732606,215.9742402,215.9756416,215.9775278,215.979936,215.9828595,215.9862235,215.9898554,215.9934523,215.9965446,215.998461,215.9982987,215.9949057,215.9868844,215.9726278,215.9504024,215.9184937,215.8754314,215.8203107,215.7532244,215.6758145,215.5919395,215.5084429,215.4359798,215.3898347,215.3906203,215.4647047,215.6441597,215.9659662,216.4701584,217.1968332,218.1831233,219.4612967,221.0579311,222.9938399,225.2844869,227.9406789,230.9693806,234.3745431,238.1578749,242.3195141,246.8585835,251.7736269,257.0629346,262.7247719,268.7575264,275.1597931,281.9304119,289.0684717,296.5732937,304.4444006,312.6814818,321.284357,330.2529419,339.5872185,349.2872107,359.3529645,369.784534,380.5819717,391.7453234,403.274626,415.1699088,427.431198,440.0585228,453.0519249,466.4114693,480.137256,494.2294339,508.6882131,523.5138763,538.7067861,554.2673854,570.1961885,586.4937561,603.1606517,620.1973719,637.6042459,655.3813,673.5280824,692.0434502,710.9253215,730.1704069,749.7739392,769.7294359,790.0285427,810.6610222,831.6149722,852.877376,874.4351019,896.2764797,918.3935846,940.7853413,963.46152,986.4476319,1009.790615,1033.565049,1057.879414,1082.881646,1108.762886,1135.75794,1164.140543,1194.211074,1226.274025,1260.640084,1297.657835,1337.429972,1379.77546,1424.321925,1470.533107,1517.730591,1564.928074,1612.125558
dummy,CH3Br,kt CH3Br/yr,historical,World,111.7659708,111.7659708,111.7659708,111.7659708,111.7659708,111.7659708,111.7659708,111.7659708,111.7659708,111.7659708,111.7659708,111.7659708,111.7659708,111.7659708,111.7659708,111.7659708,111.7659708,111.7659708,111.7659708,111.7659708,111.7659708,111.7659708,111.7659708,111.7659708,111.7659708,111.7659708,111.7659708,111.7659708,111.7659708,111.7659708,111.7659708,111.7659708,111.7659708,111.7659708,111.7659708,111.7659708,111.7659708,111.7659708,111.7659708,111.7659708,111.7659708,111.7659708,111.7659708,111.7659708,111.7659708,111.7659708,111.7659708,111.7659708,111.7659708,111.7659708,111.7659708,111.7659708,111.7659708,111.7659708,111.7659708,111.7659708,111.7659708,111.7659708,111.7659708,111.7659708,111.7659708,111.7659708,111.7659708,111.7659708,111.7659708,111.7659708,111.7659708,111.7659708,111.7659708,111.7659708,111.7659708,111.7659708,111.7659708,111.7659708,111.7659708,111.7659708,111.7659708,111.7659708,111.7659708,111.7659708,111.7659708,111.7659708,111.7659708,111.7659708,111.7659708,111.7659708,111.7659708,111.7659708,111.7659708,111.7659708,111.7659708,111.7659708,111.7659708,111.7659708,111.7659708,111.7659708,111.7659708,111.7659708,111.7659708,111.7659708,111.7659708,111.7659708,111.7659708,111.7659708,111.7659708,111.7659708,111.7659707,111.7659707,111.7659707,111.7659707,111.7659707,111.7659706,111.7659706,111.7659705,111.7659705,111.7659705,111.7659705,111.7659706,111.7659707,111.7659709,111.7659711,111.7659715,111.765972,111.7659725,111.7659733,111.7659741,111.7659749,111.7659757,111.7659763,111.7659766,111.7659763,111.7659751,111.7659728,111.7659689,111.765963,111.7659547,111.7659438,111.7659301,111.7659138,111.7658954,111.7658761,111.7658577,111.765843,111.7658361,111.7658421,111.7658676,111.7659204,111.7660092,111.7661434,111.7663315,111.7665807,111.7668941,111.7672688,111.7676925,111.7681398,111.7685681,111.7689131,111.7690847,111.7689636,111.7684,111.7672148,111.7652056,111.762159,111.757871,111.7521777,111.7449986,111.7363937,111.7266349,111.7162918,111.7063286,111.6982055,111.6939759,111.6963645,111.708805,111.7354103,111.7808413,111.8500334,111.9477928,112.07847,112.2457786,112.452734,112.7016741,112.9943308,113.3319302,113.715303,114.1449938,114.6213592,115.1446504,115.7150765,116.3328448,116.9981772,117.7113004,118.4724065,119.2815838,120.138714,121.0433361,121.9944793,122.9904672,124.0287059,125.105472,126.215727,127.3529949,128.5093553,129.6756147,130.8417371,131.9976226,133.1355304,134.25463,135.3570824,136.4489107,137.5358794,138.6249132,139.721324,140.8308214,141.9569985,143.1043353,144.2756708,145.4739848,146.7003355,147.9568213,149.2446023,150.5663503,151.9236553,153.3191035,154.7544643,156.2335076,157.7591272,159.336304,160.9697309,162.6655103,164.4286833,166.2654278,168.1799222,170.1754874,172.2511366,174.4017001,176.6134107,178.8648893,181.1225214,183.340889,185.4589223,187.4015522,189.0788539,190.3922622,191.2387939,191.5253348,191.1832696,190.1689394,188.4623103,186.0980015,183.1823897,179.8812002,176.369121,172.7878479,169.2295391,165.7460898,162.3752344,159.159196,156.1408128,153.3622133,150.8475771,148.6001379,146.6131497,144.8856702,143.4159563,142.187999,141.1699642,140.3358493,139.6662422,139.1409945,138.7227797,138.3670217,138.0112638,137.6555059
dummy,CH3CCl3,kt CH3CCl3/yr,historical,World,0,0,0,0,0,0,0,0,0,0,0,0,0,0,0,0,0,0,0,0,0,0,0,0,0,0,0,0,0,0,0,0,0,0,0,0,0,0,0,0,0,0,0,0,0,0,0,0,0,0,0,0,0,0,0,0,0,0,0,0,0,0,0,0,0,0,0,0,0,0,0,0,0,0,0,0,0,0,0,0,0,0,0,0,0,0,0,0,0,0,0,0,0,0,0,0,0,0,0,0,0,0,0,0,0,0,0,0,0,0,0,0,0,0,0,0,0,0,0,0,0,0,0,0,0,0,0,0,0,0,0,0,0,0,0,0,0,0,0,0,0,0,0,0,0,0,0,0,0,0,0,0,0,0,0,0,0,0,0,0,0,0,0,0,0,0,0,0,0,0,0,0,0,0,0,0,0.002406705,0.00719453,0.013782697,0.022362599,0.032984483,0.045471567,0.059314115,0.073545417,0.086604972,0.096198779,0.099172565,0.091421101,0.067865307,0.022538233,0,0,0,0,0,0,0,0,0,0,0,0,0,0,1.091709879,3.610534654,6.162936242,9.551015486,10.71379474,14.7392431,18.2787997,20.18798193,28.10862304,31.51207379,36.17050359,48.11659306,69.59247627,94.296186,114.7629758,135.004385,141.3473624,170.2645911,214.2342556,266.247504,305.5163244,309.3266886,382.2479665,462.2988599,568.5491941,510.6746479,519.3600471,511.9846337,510.9045915,533.4642465,559.7646917,558.6026876,553.3347358,623.6055329,633.8854299,640.6711389,647.6185631,626.6293468,522.1404763,371.3410113,255.0786626,186.6203726,87.38838224,54.34974662,31.95246513,23.34240241,19.94984776,13.10044427,13.21526989,9.944224729,8.202578784,8.762344466,7.044128731,6.155740411,6.560386952,4.735345815,3.083003789,2.638809629,1.266738015,2.006544852,1.972876718,2.311678794,2.010186632,2.059942932,1.976518498,1.672101215,1.543308163,1.590139341,1.570380153,1.682339138
dummy,CH3Cl,kt CH3Cl/yr,historical,World,4554.415615,4554.415615,4554.415615,4554.415615,4554.415615,4554.415615,4554.415615,4554.415615,4554.415615,4554.415615,4554.415615,4554.415615,4554.415615,4554.415615,4554.415615,4554.415615,4554.415615,4554.415615,4554.415615,4554.415615,4554.415615,4554.415615,4554.415615,4554.415615,4554.415615,4554.415615,4554.415615,4554.415615,4554.415615,4554.415615,4554.415615,4554.415615,4554.415615,4554.415615,4554.415615,4554.415615,4554.415615,4554.415615,4554.415615,4554.415615,4554.415615,4554.415615,4554.415615,4554.415615,4554.415615,4554.415615,4554.415615,4554.415615,4554.415615,4554.415615,4554.415615,4554.415615,4554.415615,4554.415615,4554.415615,4554.415615,4554.415615,4554.415615,4554.415615,4554.415615,4554.415615,4554.415615,4554.415615,4554.415615,4554.415615,4554.415615,4554.415615,4554.415615,4554.415615,4554.415615,4554.415615,4554.415615,4554.415615,4554.415615,4554.415615,4554.415615,4554.415615,4554.415615,4554.415615,4554.415615,4554.415615,4554.415615,4554.415615,4554.415615,4554.415615,4554.415615,4554.415615,4554.415615,4554.415615,4554.415615,4554.415615,4554.415615,4554.415615,4554.415615,4554.415615,4554.415615,4554.415615,4554.415615,4554.415615,4554.415615,4554.415615,4554.415615,4554.415615,4554.415615,4554.415615,4554.415615,4554.415615,4554.415615,4554.415615,4554.415615,4554.415615,4554.415615,4554.415615,4554.415615,4554.415615,4554.415616,4554.415616,4554.415616,4554.415615,4554.415615,4554.415614,4554.415614,4554.415612,4554.415611,4554.415609,4554.415607,4554.415604,4554.415601,4554.415599,4554.415597,4554.415596,4554.415597,4554.415601,4554.415609,4554.415622,4554.415642,4554.415669,4554.415705,4554.41575,4554.415803,4554.415863,4554.415925,4554.415984,4554.41603,4554.41605,4554.416026,4554.415938,4554.41576,4554.415463,4554.415018,4554.414396,4554.413576,4554.412548,4554.411324,4554.409946,4554.408501,4554.40713,4554.406047,4554.40555,4554.406031,4554.407982,4554.411988,4554.418706,4554.428827,4554.443003,4554.461748,4554.485296,4554.513409,4554.545146,4554.578583,4554.610495,4554.636033,4554.648408,4554.638649,4554.595494,4554.505507,4554.353531,4554.123612,4553.800549,4553.372214,4552.832807,4552.187147,4551.456056,4550.682786,4549.940252,4549.338649,4549.032688,4549.22736,4550.180647,4552.201152,4555.638049,4560.860295,4568.226289,4578.059421,4590.632669,4606.159556,4624.788751,4646.600191,4671.601235,4699.722064,4730.810262,4764.625278,4800.834311,4839.012031,4878.647445,4919.162187,4959.98254,5000.681561,5040.864818,5080.228071,5118.449389,5155.268621,5190.400227,5223.627542,5254.724035,5283.55053,5309.974283,5333.96043,5355.483847,5374.614075,5391.421352,5406.056634,5418.655092,5429.41509,5438.502369,5446.13091,5452.46866,5457.721123,5462.040719,5465.613125,5468.568618,5471.069869,5473.223797,5475.168942,5476.986207,5478.784517,5480.608879,5482.522336,5484.509334,5486.553167,5488.534826,5490.30648,5491.588368,5492.043407,5491.180167,5488.626848,5484.581842,5479.059563,5471.213595,5460.637679,5448.18563,5435.460114,5423.73683,5413.700258,5405.652599,5399.662967,5395.580399,5393.083405,5391.83478,5391.808597,5393.148697,5396.005142,5400.009858,5404.361602,5408.07227,5410.038362,5409.427581,5406.385852,5401.646262,5395.928329,5389.674991,5383.180816,5376.686641,5370.192465
dummy,CH4,Mt CH4/yr,historical,World,26.6237352,26.66978858,26.91558477,26.9458482,26.98788619,27.14558563,27.24098669,27.29509433,27.4043004,27.52721709,27.5353155,27.58244493,27.52411916,27.54056569,27.53422671,27.55600551,27.69634219,27.85190745,27.90149822,27.9211388,27.90280625,27.85994718,27.97309534,28.04479481,28.14366888,28.3326123,28.54459529,28.6065229,28.76306809,28.92984717,29.02755288,29.0408379,29.03171027,29.03671487,29.04454406,29.10043392,29.29479053,29.46329499,29.57264067,29.64065281,29.64521971,29.54584849,29.60778123,29.62160581,29.6586446,29.78282605,29.9305341,29.96080358,30.05611196,30.17050735,30.22739618,30.27434949,30.34285632,30.39972704,30.50068451,30.59716324,30.85573289,31.06682556,31.2256401,31.34600122,31.41500116,31.39303729,31.52852904,31.61342689,31.73329363,31.9285754,32.15915648,32.25088251,32.40979715,32.57262057,32.69642496,32.79405696,32.92256459,33.04889002,33.17445128,33.33169931,33.64277075,33.91524976,34.14451813,34.31508033,34.53812936,34.57618903,34.78434334,34.93927295,35.17118799,35.44619222,35.81086383,35.98726956,36.23159568,36.49307332,36.72307067,36.86383867,37.03483406,37.23805559,37.41575283,37.69724587,38.05528074,38.4452465,38.74247959,39.01945159,39.21744648,39.35174468,39.67288034,39.93173767,40.40490907,40.8030848,41.26988035,41.5546402,41.89457267,42.31603759,42.7251148,43.02557573,43.26479494,43.67806811,44.09646853,44.55366026,45.1325741,45.63356051,46.03687815,46.49282582,46.75096258,47.15205895,47.84145182,48.275209,48.50714608,49.17645759,49.58438295,50.00550554,50.43098321,50.96229658,51.63840292,52.12827427,52.64193306,53.26291776,53.66926569,54.13458927,54.78056457,55.4680998,56.3530409,56.83243912,57.55424277,58.04349532,58.4473695,58.64530552,59.25839965,60.04342453,60.63198691,61.27007784,61.93984347,62.87362968,63.58659398,64.05121976,64.4972345,65.40759854,65.85479811,66.63298003,67.62462456,69.12100225,69.24473166,69.9715123,70.61383949,71.43749129,72.47794198,73.93679568,73.52636732,74.11482762,75.65170127,76.87886331,77.04871418,76.27713441,78.51077144,77.73447777,79.36731282,81.56431347,82.6381706,83.71927125,83.99689504,87.05880401,88.49989168,90.80312816,90.81523971,90.70635536,90.93919802,92.7970072,95.60424148,97.79976012,100.6502698,103.403558,103.9104942,105.9786341,108.5330294,111.4590974,113.1426337,116.5193815,119.8792613,119.6258511,123.0292481,128.5602823,133.1056956,135.5408684,140.932257,145.0809612,147.817621,150.2608204,153.6539167,159.6524252,165.240856,170.638602,174.9920827,181.8464103,187.0756634,191.0590354,196.8246259,203.8260202,211.2268517,217.6978583,222.5478627,226.760205,233.5065179,240.9782872,253.1210607,254.002323,258.7402262,266.7018043,266.9572047,267.2050802,271.6784494,275.4441605,278.1363198,283.1336835,282.790178,277.327962,276.6407918,276.7229837,280.5974569,281.360268,286.4108627,288.0664196,294.0647888,302.0148765,301.8268115,300.2977386,300.3037514,298.873041,297.6095889,306.0759664,312.6416366,310.4206906,308.0241158,307.3229205,307.4514416,307.7927977,306.8137778,315.84521,324.9471599,328.7458742,332.0366665,332.6835857,335.4876532,331.6321592,336.5392037,341.2334852,344.2266098,345.7357264,346.8885789,347.1572772,348.5331739,351.5829745,353.1344387,354.2493912,346.7750623,354.5836041,359.8727217,362.280215
dummy,CHCl3,kt CHCl3/yr,historical,World,261.0325378,261.0325378,261.0325378,261.0325378,261.0325378,261.0325378,261.0325378,261.0325378,261.0325378,261.0325378,261.0325378,261.0325378,261.0325378,261.0325378,261.0325378,261.0325378,261.0325378,261.0325378,261.0325378,261.0325378,261.0325378,261.0325378,261.0325378,261.0325378,261.0325378,261.0325378,261.0325378,261.0325378,261.0325378,261.0325378,261.0325378,261.0325378,261.0325378,261.0325378,261.0325378,261.0325378,261.0325378,261.0325378,261.0325378,261.0325378,261.0325378,261.0325378,261.0325378,261.0325378,261.0325378,261.0325378,261.0325378,261.0325378,261.0325378,261.0325378,261.0325378,261.0325378,261.0325378,261.0325378,261.0325378,261.0325378,261.0325378,261.0325378,261.0325378,261.0325378,261.0325378,261.0325378,261.0325378,261.0325378,261.0325378,261.0325378,261.0325378,261.0325378,261.0325378,261.0325378,261.0325378,261.0325378,261.0325378,261.0325378,261.0325378,261.0325378,261.0325378,261.0325378,261.0325378,261.0325378,261.0325378,261.0325378,261.0325378,261.0325378,261.0325378,261.0325378,261.0325378,261.0325378,261.0325378,261.0325378,261.0325378,261.0325378,261.0325378,261.0325378,261.0325378,261.0325378,261.0325378,261.0325378,261.0325378,261.0325378,261.0325378,261.0325378,261.0325378,261.0325378,261.0325378,261.0325378,261.0325378,261.0325378,261.0325378,261.0325378,261.0325378,261.0325378,261.0325378,261.0325378,261.0325378,261.0325378,261.0325378,261.0325378,261.0325378,261.0325378,261.0325378,261.0325378,261.0325377,261.0325377,261.0325377,261.0325376,261.0325376,261.0325375,261.0325375,261.0325374,261.0325374,261.0325374,261.0325375,261.0325376,261.0325378,261.0325381,261.0325386,261.0325392,261.03254,261.032541,261.0325421,261.0325432,261.0325444,261.0325453,261.0325459,261.0325458,261.0325445,261.0325418,261.032537,261.0325296,261.032519,261.0325048,261.0324867,261.0324648,261.0324397,261.0324127,261.0323861,261.0323635,261.0323499,261.0323522,261.0323789,261.0324406,261.0325492,261.0327177,261.0329587,261.0332829,261.0336967,261.0341991,261.0347769,261.0354006,261.0360181,261.0365484,261.0368764,261.0368466,261.0362613,261.0348802,261.0324273,261.0286049,261.0231187,261.0157166,261.0062436,260.9947167,260.9814191,260.9670152,260.9526823,260.940253,260.9323553,260.9325321,260.9453153,260.9762152,261.0315847,261.1182987,261.2432408,261.4127843,261.6324681,261.9068555,262.2395231,262.6331319,263.0895472,263.6099784,264.1951215,264.8452909,265.5605343,266.3407275,267.1856471,268.0950254,269.0685861,270.1060665,271.2072281,272.3718581,273.5997646,274.8907685,276.2446935,277.6613567,279.1405615,280.6820957,282.2857362,283.951263,285.6784855,287.467283,289.3176621,291.2298317,293.2042971,295.2419704,297.3442919,299.5133557,301.7520227,304.0640024,306.4538739,308.9270103,311.4893611,314.1470397,316.9056569,319.7693435,322.7394041,325.8125677,328.9788225,332.2188737,335.5013285,338.7798058,341.9902923,345.0492112,347.8528493,350.2789793,352.1917125,353.4507964,353.9267025,353.5228808,352.2024825,350.0239097,347.221506,344.1969042,341.3915322,339.1705461,337.8201047,337.5653624,338.5680386,340.9375376,344.6986971,349.8198449,356.2143905,363.6840913,371.8984701,380.3814115,388.5201485,395.6372322,401.2030447,404.9081381,406.6818597,406.7992441,405.7533586,404.0020325,402.2507065,400.4993805
dummy,CO,Mt CO/yr,historical,World,341.2760393,341.4588346,345.3835209,345.3062183,345.1802739,348.0015635,349.6496953,349.9828108,351.2322317,353.5052494,352.1663252,351.8260179,349.9221769,349.6174333,348.5420714,348.6054574,351.1550916,353.7413589,354.2170335,353.8101203,352.6136584,349.4562562,350.1543172,350.0812206,350.2775808,352.8530251,356.2827917,355.8363599,357.1372153,359.4273033,359.2463377,357.4602639,356.3066145,355.33104,354.1366023,354.6684942,358.1366089,360.6923474,362.2884997,362.7967192,361.9406964,358.3225776,358.7339881,358.1771521,357.7297839,359.5721854,362.4364218,361.9912483,362.7103133,364.7028722,364.3678966,362.7269909,362.0980499,361.7486687,361.6805736,362.4587096,366.7626492,369.441094,371.47189,372.4652844,372.0570309,369.1822502,370.1710338,370.3068577,370.7517478,373.1123732,376.7927119,376.8458322,378.1659613,380.3418399,380.6334915,378.8399902,378.6504127,378.236477,377.4274092,378.1423821,382.4128888,384.9204345,387.1368123,388.0766222,388.4376492,385.7325727,386.6204466,386.3421579,387.4274341,389.8063559,393.6703541,394.0568135,395.056936,397.5170564,397.9726244,395.6486464,394.8065796,395.1043487,393.8313264,395.1502146,399.6445619,403.0554354,405.6194792,406.9889283,406.2204016,403.1548819,403.7949784,403.0458604,404.1132492,407.137158,410.9807039,411.3965714,412.7374998,415.4599802,415.8082802,413.2575184,411.6822585,412.5814495,412.5331518,414.3972497,419.806306,422.6897528,424.8283963,426.5827565,425.3015529,423.8531993,427.1951252,426.27648,426.1866281,429.7804768,431.5131319,432.5037798,433.9001629,436.6045529,438.1146019,435.4385429,434.7024152,435.4173433,434.5676125,435.5825144,440.0923937,442.7469138,447.1856952,447.0229374,447.9417165,446.9845419,448.2437028,447.2005129,447.1461552,451.8930558,453.8058502,454.1571259,455.0984231,459.072807,458.757507,456.8497894,456.8064539,460.7657799,460.8163639,465.8555334,473.033695,480.9662373,481.1090396,484.1524481,485.3121007,484.8304482,489.4850696,493.3141819,486.5739042,488.7192974,495.3696277,498.4941272,499.3734011,492.104327,502.0956601,495.7087517,498.3992902,511.662254,510.1157465,513.6388336,510.6428244,519.9736572,523.1727599,530.6889618,522.1203461,514.5317627,509.7308884,513.6128046,523.3770797,529.4131602,537.8185957,546.9021311,538.7361415,540.3875384,547.7977318,553.2745172,551.5084829,558.6402684,562.735689,550.8820593,556.7437668,562.4369944,576.5857097,570.1548404,581.8334543,592.1712767,596.2189273,596.9432534,608.9152479,632.1691751,640.1751676,638.2754437,643.1551067,653.287711,651.5538697,660.454754,668.4474405,683.6798931,685.7869024,701.0415018,700.9278559,704.4722626,719.2772678,737.9193133,767.0666669,774.3165951,789.1786563,797.7515772,792.5582866,789.8560561,806.0498159,821.1962681,838.8927052,836.9332148,845.6988176,836.2147003,834.595504,836.7650368,846.845298,846.9010809,859.1595707,868.0389989,878.4766683,917.3237398,901.5046906,903.2746141,932.0157976,938.4713503,894.167328,959.0817911,980.1493167,966.6135085,948.9451493,937.582606,898.8369327,868.7847049,856.3003608,875.8733181,899.5717229,891.601272,876.8873547,861.8253312,846.136922,820.0893043,819.2884815,816.4813669,823.1402593,837.9909779,824.274147,803.5295177,788.2798436,789.2365857,759.2351031,761.9363316,738.224874,776.6229751,751.7286259,754.3278759
dummy,CO2 AFOLU,Gt CO2/yr,historical,World,0.364074357,0.37116763,0.378399102,0.385771465,0.393287464,0.400949897,0.408761618,0.416725534,0.424844612,0.433121875,0.441560403,0.45016334,0.458933888,0.467875313,0.476990944,0.486284175,0.495758466,0.505417346,0.515264409,0.525303324,0.535537826,0.545971728,0.556608915,0.567453345,0.578509059,0.589780171,0.601270878,0.61298546,0.624928277,0.637103776,0.649516491,0.662171043,0.675072145,0.688224599,0.701633302,0.715303248,0.729239526,0.743447325,0.757931935,0.772698749,0.787753266,0.80310109,0.818747937,0.834699631,0.850962113,0.867541437,0.884443777,0.901675426,0.9192428,0.937152439,0.955411012,0.974025318,0.993002287,1.012348985,1.032072616,1.052180522,1.072680192,1.093579257,1.1148855,1.136606853,1.158751403,1.181327397,1.20434324,1.227807501,1.251728917,1.276116395,1.300979015,1.326326034,1.35216689,1.378511205,1.405368786,1.432749635,1.460663946,1.489122112,1.51813473,1.547712602,1.57786674,1.608608373,1.639948945,1.671900127,1.704473816,1.737682138,1.771537459,1.806052385,1.841239767,1.877112705,1.913684557,1.950968939,1.988979735,2.027731096,2.067237451,2.10751351,2.148574269,2.190435016,2.233111337,2.276619123,2.320974572,2.366194201,2.412294844,2.459293668,2.640530108,2.821766548,2.85957595,2.907718339,2.916957257,2.880611928,2.971040893,2.953232645,2.976991041,3.040890114,2.782861519,2.769375437,2.742446034,2.709092448,2.620616616,2.573305112,2.610016118,2.572092948,2.540508392,2.586766261,2.837214765,2.856598882,3.054735072,2.982379666,3.180326893,3.264798918,3.285769144,3.183775879,3.279301135,3.27252827,3.382776531,3.379537278,3.559227604,3.481436668,3.634892424,3.633883715,3.547918504,3.694130504,3.569017247,3.680369321,3.953200735,4.163666962,4.104820418,4.291812516,4.307302688,4.312621317,4.247702112,4.407572767,4.360104347,4.450847683,4.509373321,4.536064812,4.630583027,4.600289513,4.6824756,4.830257098,4.840826027,4.75199263,4.842356429,4.949777314,4.75033988,4.830274946,4.689623253,4.517843064,4.599750797,4.57447518,4.525947222,4.54868106,4.551802686,4.484531507,4.606870492,4.842472479,4.806061617,4.911316447,4.924881775,4.922030034,4.933884826,4.969471751,4.943589741,4.897666757,5.023916663,5.188617032,5.237213511,5.301217405,5.341668979,5.264984661,5.304434538,5.372189863,5.422035208,5.361063006,5.462309737,5.742478977,5.773442501,5.72498696,5.702544577,5.696444866,5.651659163,5.640429346,5.554334637,5.480181217,6.211576516,6.564578066,6.482803516,6.593883542,6.985543693,7.128406138,7.224753516,7.328894595,7.196540047,7.749319866,6.710890129,6.825494885,6.335303361,6.165768712,5.863085882,5.629200472,5.226636039,5.404790792,5.336285048,5.840219257,5.698245841,5.121814812,5.394483765,5.247888873,5.142139301,5.063014275,5.087869957,5.517777201,5.416997208,4.690163427,4.971145823,4.833455623,4.547009628,4.788439462,5.643187385,5.294810794,5.531199208,5.343689643,5.174748801,4.95694166,4.980219127,4.97359456,5.261838789,4.977477257,5.893661006,5.43636357,6.016908782,7.411964322,6.148933532,6.007280473,5.301064083,4.768716141,5.131851716,6.080097723,5.407917038,4.894543317,5.336032552,4.597923467,4.883851839,5.277826629,5.491911159,5.282112706,5.656000506,5.119878803,5.400120578,5.535613582,4.409459542,4.234097835,3.847514963,3.789499294,3.441498518,3.555369437,3.543615524,3.627550667
dummy,CO2 FFI,Gt CO2/yr,historical,World,0.008734585,0.008734585,0.008738008,0.008738008,0.00874143,0.008744853,0.009347238,0.009350661,0.009354083,0.009357506,0.009357506,0.010250816,0.010254239,0.010257661,0.010261084,0.010264507,0.011452164,0.011455586,0.011459009,0.011462432,0.011465854,0.012715119,0.012718542,0.012721964,0.012725387,0.01272881,0.014046527,0.01404995,0.014053372,0.014056795,0.014134507,0.015802162,0.015807498,0.015816256,0.015817729,0.015833011,0.017969158,0.017977269,0.017981315,0.017986855,0.017996893,0.020097311,0.020515228,0.020540276,0.020508189,0.020521514,0.0214998,0.022571612,0.023510188,0.024764436,0.026356399,0.026378345,0.033941392,0.029818622,0.032284166,0.031575447,0.033198806,0.034437615,0.033323155,0.033344587,0.035473565,0.03758739,0.038902228,0.039115053,0.040009702,0.041228176,0.044648772,0.046060826,0.046288091,0.046645462,0.047346475,0.048124321,0.050077718,0.053042408,0.055221149,0.057071786,0.057736472,0.061957625,0.062648184,0.062750447,0.082993894,0.079213249,0.080409585,0.082220217,0.08418904,0.086026861,0.100109695,0.100331221,0.103925858,0.107857075,0.113964653,0.118067345,0.124553532,0.128713994,0.137078408,0.149519959,0.152821397,0.166811072,0.169561752,0.178516372,0.191098584,0.193165376,0.202319947,0.212701528,0.248009421,0.252020381,0.268658261,0.271798458,0.277502372,0.29388192,0.321522085,0.338584122,0.34613075,0.369010497,0.396920576,0.42166947,0.435197578,0.465831436,0.479083037,0.508213972,0.520393284,0.555684334,0.616406513,0.655973268,0.638314123,0.672080001,0.685931878,0.701783962,0.711133438,0.763609319,0.864236889,0.885417471,0.935009369,0.993028766,1.00678491,1.018324637,1.038313244,1.09238321,1.206160501,1.206799662,1.309513318,1.370711072,1.38515959,1.375827563,1.424586875,1.510054021,1.558025625,1.628961013,1.715515741,1.865589774,1.965045776,2.036219634,2.092112247,2.274320526,2.30598176,2.453360089,2.611911993,2.901718162,2.812921431,2.921668068,3.066816818,3.124430944,3.278211521,3.537328247,3.220484871,3.172686269,3.405322293,3.524599309,3.467086566,3.025509934,3.467414202,3.051494587,3.226137418,3.612791455,3.636660359,3.700577008,3.699698969,4.013923887,4.025285374,4.324322624,3.981641925,3.590496664,3.250764403,3.405782302,3.690209519,3.874574187,4.238675752,4.523396495,4.264407732,4.496106869,4.963947714,5.096895867,5.112102666,5.284275978,5.234518532,4.419707254,4.663184315,5.16763051,5.463292149,5.369043155,5.831556416,6.271729841,6.41005324,6.573849595,6.747715536,7.361751143,7.838740526,8.109668414,8.435991187,8.840104861,9.44104621,9.502704555,9.876177446,10.43760078,10.98683026,11.5002897,12.05650581,12.47074715,13.20868509,13.95625161,15.01602121,15.59717175,16.30174884,17.23365068,17.17192587,17.1420045,18.0358094,18.61302678,19.19369279,19.72117925,19.53323504,19.25562113,19.14599505,19.27210268,19.89401456,20.19459623,20.56492115,21.22630525,21.91661543,22.27729798,22.86839074,22.96488386,22.82863916,22.9526703,23.1303118,23.66654866,24.14770811,24.5703077,24.72814687,24.96886181,25.70407487,25.96034175,26.43975092,27.71060165,29.0451347,30.04643181,31.09736216,32.27991833,32.51328752,31.80190665,33.73080886,34.70662089,35.11264673,35.76403979,36.05199837,35.95904229,36.00376313,36.60295851,37.27846566,37.3541275,35.66233426,37.76501397,38.03206131,38.6589432
dummy,HCFC-141b,kt HCFC141b/yr,historical,World,0,0,0,0,0,0,0,0,0,0,0,0,0,0,0,0,0,0,0,0,0,0,0,0,0,0,0,0,0,0,0,0,0,0,0,0,0,0,0,0,0,0,0,0,0,0,0,0,0,0,0,0,0,0,0,0,0,0,0,0,0,0,0,0,0,0,0,0,0,0,0,0,0,0,0,0,0,0,0,0,0,0,0,0,0,0,0,0,0,0,0,0,0,0,0,0,0,0,0,0,0,0,0,0,0,0,0,0,0,0,0,0,0,0,0,0,0,0,0,0,0,0,0,0,0,0,0,0,0,0,0,0,0,0,0,0,0,0,0,0,0,0,0,0,0,0,0,0,0,0,0,0,0,0,0,0,0,0,0,0,0,0,0,0,0,0,0,0,0,0,0,0,0,0,0,0,0,0,0,0,0,0,0,0,0,0,0,0,0,0,0,0,0,0,0,0,0,0,0,0,0,0,0,0,0,0,0,0,0,0,0,0,0,0,0,0,0,0,0,0,0,0,0,0,0,1.21723118,1.340073842,1.462916504,1.585759166,0.491370648,0.491370648,0.694242512,0.308972562,0.491370648,0.694242512,0.917588152,0.755663843,0.573265756,0.370393893,0.147048253,0.106100699,0,5.075528396,19.13884011,31.32794507,41.31526284,48.773213,48.91103411,55.35462495,55.79582091,57.91768129,54.41868492,56.30973603,51.82986427,45.01043541,42.38243072,49.52949121,49.21683804,50.56624141,50.31314366,56.00288536,64.19224258,63.72512872,60.5573934,59.9208916,54.61647104,53.7286862,47.62578834,48.57686042,51.67949379,55.92119505,55.70344713,55.60667596,55.44848347
dummy,HCFC-142b,kt HCFC142b/yr,historical,World,0,0,0,0,0,0,0,0,0,0,0,0,0,0,0,0,0,0,0,0,0,0,0,0,0,0,0,0,0,0,0,0,0,0,0,0,0,0,0,0,0,0,0,0,0,0,0,0,0,0,0,0,0,0,0,0,0,0,0,0,0,0,0,0,0,0,0,0,0,0,0,0,0,0,0,0,0,0,0,0,0,0,0,0,0,0,0,0,0,0,0,0,0,0,0,0,0,0,0,0,0,0,0,0,0,0,0,0,0,0,0,0,0,0,0,0,0,0,0,0,0,0,0,0,0,0,0,0,0,0,0,0,0,0,0,0,0,0,0,0,0,0,0,0,0,0,0,0,0,0,0,0,0,0,0,0,0,0,0,0,0,0,0,0,0,0,0,0,0,0,0,0,0,0,0,0,0,0,0,0,0,0,0,0,0,0,0,0,0,0,0,0,0,0,0,0,0,0,0,0,0,0,0,0,0,0,0,0,0,0,0,0,0,0,0,0,0,0,0,0,0,0.850056792,0.725982954,0.932744329,0.808670491,2.375522732,2.324948927,2.605210335,2.724647888,1.994028649,1.387483249,1.254221907,0.601738986,1.78263099,1.837756015,0.872812889,1.552858323,1.249585622,2.968074214,5.628494638,10.976898,15.75086969,21.26456306,23.80529074,23.87853557,23.55663267,26.05142283,24.54862792,25.62820218,27.39700938,27.85166324,25.72858421,23.10010738,23.51809629,23.41686361,26.33908537,32.28012528,35.95580744,35.86822842,30.78600748,31.83346801,30.34913318,25.8551677,24.48580426,20.98442949,21.70122494,22.28475904,20.17567393,19.64726485,17.39117967,21.3060772,21.0211795,20.88791816,20.74546932
dummy,HCFC-22,kt HCFC22/yr,historical,World,0,0,0,0,0,0,0,0,0,0,0,0,0,0,0,0,0,0,0,0,0,0,0,0,0,0,0,0,0,0,0,0,0,0,0,0,0,0,0,0,0,0,0,0,0,0,0,0,0,0,0,0,0,0,0,0,0,0,0,0,0,0,0,0,0,0,0,0,0,0,0,0,0,0,0,0,0,0,0,0,0,0,0,0,0,0,0,0,0,0,0,0,0,0,0,0,0,0,0,0,0,0,0,0,0,0,0,0,0,0,0,0,0,0,0,0,0,0,0,0,0,0,0,0,0,0,0,0,0,0,0,0,0,0,0,0,0,0,0,0,0,0,0,0,0,0,0,0,0,0,0,0,0,0,0,0,0,0,0,0,0.000391839,0.000506542,0.000622584,0.000726208,0.000797454,0.00080915,0.000726251,0.000505779,0,0,0,0,0,0,0,0,0,0,0,0,0,0,0,0.011889472,0.033457553,0.063004735,0.101335692,0.148701943,0.204884732,0.269325802,0.341231321,0.419661862,0.503624258,0.592183152,0.684611145,0.780596303,0.88052422,0.985848049,1.099553377,1.226714535,1.375123974,1.555955935,1.784398902,2.080158131,2.467690195,2.975987264,3.416184289,4.325359646,6.03609443,6.976275108,7.815930527,9.433230723,11.5912532,14.4742245,16.79478288,20.57010556,24.57261742,29.84080038,36.31000117,39.45297236,43.86648132,47.86593191,54.96400429,62.13604463,62.68218309,70.72752682,78.88271049,86.08533753,63.15029822,103.018323,107.9686558,111.1387338,112.5334237,118.2520865,130.445654,157.6394375,154.1132564,137.8697404,174.4151464,194.5659083,199.1651615,201.2640777,186.8863231,199.8402928,201.6721185,220.6630199,215.9429116,219.4881148,233.9685927,235.3575787,249.6919261,259.206765,253.2232097,259.699632,270.0811022,289.5742112,311.1700041,336.2873733,340.9358425,340.7151685,353.0691788,340.7985561,339.2798189,340.1710453,346.2453666,331.9951132,339.9917904,335.3685966,332.6624735,323.3357337,328.1128291,323.7349044,319.240049,315.4059079
dummy,HFC-125,kt HFC125/yr,historical,World,0,0,0,0,0,0,0,0,0,0,0,0,0,0,0,0,0,0,0,0,0,0,0,0,0,0,0,0,0,0,0,0,0,0,0,0,0,0,0,0,0,0,0,0,0,0,0,0,0,0,0,0,0,0,0,0,0,0,0,0,0,0,0,0,0,0,0,0,0,0,0,0,0,0,0,0,0,0,0,0,0,0,0,0,0,0,0,0,0,0,0,0,0,0,0,0,0,0,0,0,0,0,0,0,0,0,0,0,0,0,0,0,0,0,0,0,0,0,0,0,0,0,0,0,0,0,0,0,0,0,0,0,0,0,0,0,0,0,0,0,0,0,0,0,0,0,0,0,0,0,0,0,0,0,0,0,0,0,0,0,0,0,0,0,0,0,0,0,0,0,0,0,0,0,0,0,0,0,0,0,0,0,0,0,0,0,0,0,0,0,0,0,0,0,0,0,0,0,0,0,0,0,0,0,0,0,0,0,0,0,0,1.40E-06,4.89E-06,9.73E-06,1.61E-05,2.40E-05,3.34E-05,4.39E-05,5.49E-05,6.51E-05,7.30E-05,7.63E-05,7.18E-05,5.58E-05,2.39E-05,0,0,0,0,0,0,0,0,0,0,0,0,0,0,0.000599762,0.0024,0.0082,0.6156,1.037,1.0699,3.111,4.2139,7.5765,6.2315,5.8818,8.2226,9.2016,10.8449,12.9179,14.0317,15.3336,18.4382,21.4492,24.8367,27.6175,33.6076,38.1922,43.2294,48.1587,54.1462,58.9704,65.8881,74.9193,79.1515,82.654,94.9691,103.1366,111.7943,120.7133
dummy,HFC-134a,kt HFC134a/yr,historical,World,0,0,0,0,0,0,0,0,0,0,0,0,0,0,0,0,0,0,0,0,0,0,0,0,0,0,0,0,0,0,0,0,0,0,0,0,0,0,0,0,0,0,0,0,0,0,0,0,0,0,0,0,0,0,0,0,0,0,0,0,0,0,0,0,0,0,0,0,0,0,0,0,0,0,0,0,0,0,0,0,0,0,0,0,0,0,0,0,0,0,0,0,0,0,0,0,0,0,0,0,0,0,0,0,0,0,0,0,0,0,0,0,0,0,0,0,0,0,0,0,0,0,0,0,0,0,0,0,0,0,0,0,0,0,0,0,0,0,0,0,0,0,0,0,0,0,0,0,0,0,0,0,0,0,0,0,0,0,0,0,0,0,0,0,0,0,0,0,0,0,0,0,0,0,0,0,0,0,0,0,0,0,0,0,0,0,0,0,0,0,0,0,0,0,0,0,0,0,0,0,0,0,0,0,0,0,0,0,0,0,0,0.001075034,0.002847099,0.005262461,0.008381844,0.012212176,0.016675379,0.021570201,0.026527914,0.030963986,0.034029474,0.034568079,0.031087419,0.021756131,0.004441727,0,0,0,0,0,0,0,0,0,0,0,0,0,0,0.498436623,1.4158,3.5993,5.5789,7.7001,13.77,21.6553,33.8886,40.3582,59.5792,67.7986,74.935,81.7709,93.5337,103.0066,110.7878,114.2227,118.5128,129.0365,136.2778,143.9075,155.9124,157.9344,164.3579,171.7149,183.7253,196.0126,211.3489,219.816,219.9578,223.1781,273.4836,273.2599,277.8708,284.7813
dummy,HFC-143a,kt HFC143a/yr,historical,World,0,0,0,0,0,0,0,0,0,0,0,0,0,0,0,0,0,0,0,0,0,0,0,0,0,0,0,0,0,0,0,0,0,0,0,0,0,0,0,0,0,0,0,0,0,0,0,0,0,0,0,0,0,0,0,0,0,0,0,0,0,0,0,0,0,0,0,0,0,0,0,0,0,0,0,0,0,0,0,0,0,0,0,0,0,0,0,0,0,0,0,0,0,0,0,0,0,0,0,0,0,0,0,0,0,0,0,0,0,0,0,0,0,0,0,0,0,0,0,0,0,0,0,0,0,0,0,0,0,0,0,0,0,0,0,0,0,0,0,0,0,0,0,0,0,0,0,0,0,0,0,0,0,0,0,0,0,0,0,0,0,0,0,0,0,0,0,0,0,0,0,0,0,0,0,0,0,0,0,0,0,0,0,0,0,0,0,0,0,0,0,0,0,0,0,0,0,0,0,3.11E-05,6.89E-05,0.000119456,0.000183525,0.000260776,0.00034898,0.000443283,0.000535332,0.000612344,0.000656208,0.000642746,0.000541311,0.000314977,0,0,0,0,0,0,0,0,0,0,0,0,0,0,0.001254603,0.014995505,0.034610225,0.060958306,0.094541964,0.135241774,0.182143197,0.23394507,0.289484536,0.348231532,0.410763623,0.479225704,0.557768018,0.652940314,0.774,0.5804,0.6556,1.0322,1.5208,2.5456,3.247,4.68,5.5131,6.2708,7.2027,8.8496,9.8368,10.3523,11.4053,13.2631,14.9461,15.691,17.415,17.985,19.2541,20.6838,22.1133,23.201,24.77,26.4862,28.3066,28.8855,28.3002,28.8309,30.9368,31.8075,32.7142,33.6389
dummy,HFC-152a,kt HFC152a/yr,historical,World,0,0,0,0,0,0,0,0,0,0,0,0,0,0,0,0,0,0,0,0,0,0,0,0,0,0,0,0,0,0,0,0,0,0,0,0,0,0,0,0,0,0,0,0,0,0,0,0,0,0,0,0,0,0,0,0,0,0,0,0,0,0,0,0,0,0,0,0,0,0,0,0,0,0,0,0,0,0,0,0,0,0,0,0,0,0,0,0,0,0,0,0,0,0,0,0,0,0,0,0,0,0,0,0,0,0,0,0,0,0,0,0,0,0,0,0,0,0,0,0,0,0,0,0,0,0,0,0,0,0,0,0,0,0,0,0,0,0,0,0,0,0,0,0,0,0,0,0,0,0,0,0,0,0,0,0,0,0,0,0,0,0,0,0,0,0,0,0,0,0,0,0,0,0,0,0,0,0,0,0,0,0,0,0,0,0,0,0,0,0,0,0,0,0,0,0,0,0,0,0,0,0,0,0,0,0,0,0,0,1.06E-07,2.70E-07,4.92E-07,7.78E-07,1.13E-06,1.53E-06,1.98E-06,2.42E-06,2.82E-06,3.08E-06,3.11E-06,2.77E-06,1.88E-06,2.60E-07,0,0,0,0,0,0,0,0,0,0,0,0,0,0,4.98E-05,0.000134576,0.000250307,0.0004,3.6029,4.9615,7.3167,8.2534,8.1955,8.7544,10.7647,12.5773,13.267,15.223,16.9782,20.9028,23.8262,26.8743,32.6453,39.412,43.3941,43.1542,43.173,46.8619,47.9762,46.8891,44.9765,45.1089,45.5776,46.6378,48.5146,49.4887,49.9019,48.3849,49.7374,51.2765,52.9854
dummy,HFC-227ea,kt HFC227ea/yr,historical,World,0,0,0,0,0,0,0,0,0,0,0,0,0,0,0,0,0,0,0,0,0,0,0,0,0,0,0,0,0,0,0,0,0,0,0,0,0,0,0,0,0,0,0,0,0,0,0,0,0,0,0,0,0,0,0,0,0,0,0,0,0,0,0,0,0,0,0,0,0,0,0,0,0,0,0,0,0,0,0,0,0,0,0,0,0,0,0,0,0,0,0,0,0,0,0,0,0,0,0,0,0,0,0,0,0,0,0,0,0,0,0,0,0,0,0,0,0,0,0,0,0,0,0,0,0,0,0,0,0,0,0,0,0,0,0,0,0,0,0,0,0,0,0,0,0,0,0,0,0,0,0,0,0,0,0,0,0,0,0,0,0,0,0,0,0,0,0,0,0,0,0,0,0,0,0,0,0,0,0,0,0,0,0,0,0,0,0,0,0,0,0,0,0,0,0,0,0,0,0,0,0,0,0,0,0,0,0,0,0,0,0,0,0,0,0,0,0,0,0,0,0,0,0,0,0,0,0,0,0,0,0,0,0,0,0,0,0,0,0,0,0,0.0003,0.0008,0.0023,0.0116,0.2097,0.4939,0.4376,0.4935,0.4394,0.8558,0.7688,1.1145,1.2862,1.5734,1.7995,2.1048,2.169,2.4495,2.6501,2.7864,2.8874,3.2482,3.5172,3.6183,3.8902,4.3558,4.665,4.9362,5.2404,5.5837,5.8267,6.1266,6.4629
dummy,HFC-23,kt HFC23/yr,historical,World,0,0,0,0,0,0,0,0,0,0,0,0,0,0,0,0,0,0,0,0,0,0,0,0,0,0,0,0,0,0,0,0,0,0,0,0,0,0,0,0,0,0,0,0,0,0,0,0,0,0,0,0,0,0,0,0,0,0,0,0,0,0,0,0,0,0,0,0,0,0,0,0,0,0,0,0,0,0,0,0,0,0,0,0,0,0,0,0,0,0,0,0,0,0,0,0,0,0,0,0,0,0,0,0,0,0,0,0,0,0,0,0,0,0,0,0,0,0,0,0,0,0,0,0,0,0,0,0,0,0,0,0,0,0,0,0,0,0,0,0,0,0,0,0,0,0,0,0,0,0,0,0,0,0,0,0,0,0,0,0,0,0,0,0,0,0,0,0,0,0,3.75E-05,8.36E-05,0.000145201,0.000223426,0.000317824,0.000425712,0.000541203,0.000654143,0.00074897,0.00080361,0.000788566,0.000666422,0.000392053,0,0,0,0,0,0,0,0,0,0,0,0,0,0,0.001311419,0.018038289,0.04194238,0.07408186,0.11508175,0.164933098,0.223192494,0.289223423,0.362367794,0.44205912,0.527889147,0.619638962,0.717284041,0.820980946,0.931041421,1.04789793,1.172063123,1.304084562,1.444495268,1.59376032,1.752219948,1.920030191,2.097103585,2.283054071,2.47715295,2.678305421,2.885061035,3.095674625,3.308238102,3.412108854,3.654298666,4.055111559,4.216507725,4.326133094,4.227156807,3.834191419,4.656061392,5.090458271,5.350316484,5.747925172,5.794054188,6.748611281,7.61852988,7.082930135,6.619382252,7.278847312,8.188958959,8.177011135,9.088606061,9.520253968,10.10080606,10.42264982,10.34886703,11.064798,8.939704476,9.468197939,9.637622483,11.86601916,12.65206849,14.33640778,11.61124895,11.45835029,9.597487786,10.52849806,11.72860916,12.9196918,13.9239643,14.43529928,12.87391086,12.78673825,15.12309867,16.83284973,17.31192494,16.50514026,15.53380421,13.95447161,14.05184309
dummy,HFC-236fa,kt HFC236fa/yr,historical,World,0,0,0,0,0,0,0,0,0,0,0,0,0,0,0,0,0,0,0,0,0,0,0,0,0,0,0,0,0,0,0,0,0,0,0,0,0,0,0,0,0,0,0,0,0,0,0,0,0,0,0,0,0,0,0,0,0,0,0,0,0,0,0,0,0,0,0,0,0,0,0,0,0,0,0,0,0,0,0,0,0,0,0,0,0,0,0,0,0,0,0,0,0,0,0,0,0,0,0,0,0,0,0,0,0,0,0,0,0,0,0,0,0,0,0,0,0,0,0,0,0,0,0,0,0,0,0,0,0,0,0,0,0,0,0,0,0,0,0,0,0,0,0,0,0,0,0,0,0,0,0,0,0,0,0,0,0,0,0,0,0,0,0,0,0,0,0,0,0,0,0,0,0,0,0,0,0,0,0,0,0,0,0,0,0,0,0,0,0,0,0,0,0,0,0,0,0,0,0,0,0,0,0,0,0,0,0,0,0,0,0,0,0,0,0,0,0,0,0,0,0,0,0,0,0,0,0,0,0,0,0,0,0,0,0,0,0,0,0,0,0,0,0.0061,0.0189,0.0322,0.0562,0.0765,0.0964,0.1147,0.1283,0.1354,0.1413,0.1484,0.1554,0.1634,0.1741,0.1865,0.1994,0.2128,0.2225,0.2386,0.258,0.2704,0.2794,0.2884,0.3005,0.3158,0.3298,0.3367,0.338,0.3198,0.3282,0.3371,0.3469
dummy,HFC-245fa,kt HFC245fa/yr,historical,World,0,0,0,0,0,0,0,0,0,0,0,0,0,0,0,0,0,0,0,0,0,0,0,0,0,0,0,0,0,0,0,0,0,0,0,0,0,0,0,0,0,0,0,0,0,0,0,0,0,0,0,0,0,0,0,0,0,0,0,0,0,0,0,0,0,0,0,0,0,0,0,0,0,0,0,0,0,0,0,0,0,0,0,0,0,0,0,0,0,0,0,0,0,0,0,0,0,0,0,0,0,0,0,0,0,0,0,0,0,0,0,0,0,0,0,0,0,0,0,0,0,0,0,0,0,0,0,0,0,0,0,0,0,0,0,0,0,0,0,0,0,0,0,0,0,0,0,0,0,0,0,0,0,0,0,0,0,0,0,0,0,0,0,0,0,0,0,0,0,0,0,0,0,0,0,0,0,0,0,0,0,0,0,0,0,0,0,0,0,0,0,0,0,0,0,0,0,0,0,0,0,0,0,0,0,0,0,0,0,0,0,0,0,0,0,0,0,0,0,0,0,0,0,0,0,0,0,0,0,0,0,0,0,0,0,0,0,0,0,0,0,0,0,0,0.0002,0.0003,0.0006,0.0015,0.0039,0.0096,0.0218,0.0572,0.7026,1.3307,4.1327,5.8095,6.8506,6.9737,6.919,6.8565,7.3951,8.1294,8.7513,9.2156,9.7851,10.5005,11.2736,11.9319,12.3624,12.5277,12.8389,13.3898,14.0283,14.6969
dummy,HFC-32,kt HFC32/yr,historical,World,0,0,0,0,0,0,0,0,0,0,0,0,0,0,0,0,0,0,0,0,0,0,0,0,0,0,0,0,0,0,0,0,0,0,0,0,0,0,0,0,0,0,0,0,0,0,0,0,0,0,0,0,0,0,0,0,0,0,0,0,0,0,0,0,0,0,0,0,0,0,0,0,0,0,0,0,0,0,0,0,0,0,0,0,0,0,0,0,0,0,0,0,0,0,0,0,0,0,0,0,0,0,0,0,0,0,0,0,0,0,0,0,0,0,0,0,0,0,0,0,0,0,0,0,0,0,0,0,0,0,0,0,0,0,0,0,0,0,0,0,0,0,0,0,0,0,0,0,0,0,0,0,0,0,0,0,0,0,0,0,0,0,0,0,0,0,0,0,0,0,0,0,0,0,0,0,0,0,0,0,0,0,0,0,0,0,0,0,0,0,0,0,0,0,0,0,0,0,0,0,0,0,0,0,0,0,0,0,0,0,0,0,0,0,0,0,0,0,0,0,0,0,0,0,0,0,0,0,0,0,0,0,0,0,0,0,0,0,0,0,0.0012,0.1096,0.2193,0.251,0.2827,0.3144,0.3461,0.4284,0.4897,0.747,0.872,1.3411,1.7978,2.7325,4.1145,5.1514,6.5632,8.1483,9.1848,10.9962,14.9,17.4576,20.2333,23.356,27.8709,32.4335,39.3784,48.4845,55.5579,60.5857,74.4372,83.7911,93.5933,103.6249
dummy,HFC-365mfc,kt HFC365mfc/yr,historical,World,0,0,0,0,0,0,0,0,0,0,0,0,0,0,0,0,0,0,0,0,0,0,0,0,0,0,0,0,0,0,0,0,0,0,0,0,0,0,0,0,0,0,0,0,0,0,0,0,0,0,0,0,0,0,0,0,0,0,0,0,0,0,0,0,0,0,0,0,0,0,0,0,0,0,0,0,0,0,0,0,0,0,0,0,0,0,0,0,0,0,0,0,0,0,0,0,0,0,0,0,0,0,0,0,0,0,0,0,0,0,0,0,0,0,0,0,0,0,0,0,0,0,0,0,0,0,0,0,0,0,0,0,0,0,0,0,0,0,0,0,0,0,0,0,0,0,0,0,0,0,0,0,0,0,0,0,0,0,0,0,0,0,0,0,0,0,0,0,0,0,0,0,0,0,0,0,0,0,0,0,0,0,0,0,0,0,0,0,0,0,0,0,0,0,0,0,0,0,0,0,0,0,0,0,0,0,0,0,0,0,0,0,0,0,0,0,0,0,0,0,0,0,0,0,0,0,0,0,0,0,0,0,0,0,0,0,0,0,0,0,0,0,0,0,0,0,0,0.0011,0.0041,0.0116,0.0316,0.0599,0.1,0.9523,2.2198,2.7007,3.0259,3.0539,3.017,2.927,3.0465,3.2784,3.5301,3.7811,4.017,4.1782,4.2425,4.231,4.1793,4.127,4.4544,4.443,4.6781,5.0503
dummy,HFC-4310mee,kt HFC4310/yr,historical,World,0,0,0,0,0,0,0,0,0,0,0,0,0,0,0,0,0,0,0,0,0,0,0,0,0,0,0,0,0,0,0,0,0,0,0,0,0,0,0,0,0,0,0,0,0,0,0,0,0,0,0,0,0,0,0,0,0,0,0,0,0,0,0,0,0,0,0,0,0,0,0,0,0,0,0,0,0,0,0,0,0,0,0,0,0,0,0,0,0,0,0,0,0,0,0,0,0,0,0,0,0,0,0,0,0,0,0,0,0,0,0,0,0,0,0,0,0,0,0,0,0,0,0,0,0,0,0,0,0,0,0,0,0,0,0,0,0,0,0,0,0,0,0,0,0,0,0,0,0,0,0,0,0,0,0,0,0,0,0,0,0,0,0,0,0,0,0,0,0,0,0,0,0,0,0,0,0,0,0,0,0,0,0,0,0,0,0,0,0,0,0,0,0,0,0,0,0,0,0,0,0,0,0,0,0,0,0,0,0,0,0,0,0,0,0,0,0,0,0,0,0,0,0,0,0,0,0,0,0,0,0,0,0,0,0,0,0,0,0,0,0,0,0,0,0,0,0,0.0013,0.003,0.0031,0.0031,0.0031,0.0031,0.0018,0.9902,1.0131,1.115,1.2026,1.2035,1.2054,1.2789,1.2524,1.0615,0.9242,0.9214,1.0355,1.0027,0.9682,1.0066,1.1222,0.8671,0.846,0.8444,0.8672
dummy,Halon-1202,kt Halon1202/yr,historical,World,0,0,0,0,0,0,0,0,0,0,0,0,0,0,0,0,0,0,0,0,0,0,0,0,0,0,0,0,0,0,0,0,0,0,0,0,0,0,0,0,0,0,0,0,0,0,0,0,0,0,0,0,0,0,0,0,0,0,0,0,0,0,0,0,0,0,0,0,0,0,0,0,0,0,0,0,0,0,0,0,0,0,0,0,0,0,0,0,0,0,0,0,0,0,0,0,0,0,0,0,0,0,0,0,0,0,0,0,0,0,0,0,0,0,0,0,0,0,0,0,0,0,0,0,0,0,0,0,0,0,0,0,0,0,0,0,0,0,0,0,0,0,0,0,0,0,0,0,0,0,0,0,0,0,0,0,0,0,0,0,0,0,0,0,0,0,0,0,0,0,0,0,0,0,0,0,0,0,0,0,0,0,0,0,0,0,0,0,0,0,0,0,0,0,0,0,0,0,0,0,0,0,0,0,0,0,0,0,0,0,0,0,0,0,0,0.000499612,0.004613264,0.010302194,0.017783216,0.027199738,0.038569801,0.05172085,0.066211204,0.081239504,0.095545301,0.107789909,0.118068651,0.127013133,0.13539527,0.144064467,0.15388859,0.16569294,0.180191274,0.197903245,0.219053411,0.243448332,0.270330338,0.298692953,0.328705663,0.360704511,0.394659814,0.429954628,0.465150342,0.498227403,0.527953698,0.552844115,0.571115803,0.582127645,0.585441644,0.580423115,0.566701923,0.54581742,0.520015394,0.490456259,0.458205203,0.424759708,0.391787682,0.359747365,0.328927931,0.29999509,0.273725561,0.249612654,0.226845687,0.204796659,0.183178618,0.162198673,0.142388667,0.123634136,0.10563038,0.088172069,0.07127814,0.055312662,0.040942013,0.028607111
dummy,Halon-1211,kt Halon1211/yr,historical,World,0,0,0,0,0,0,0,0,0,0,0,0,0,0,0,0,0,0,0,0,0,0,0,0,0,0,0,0,0,0,0,0,0,0,0,0,0,0,0,0,0,0,0,0,0,0,0,0,0,0,0,0,0,0,0,0,0,0,0,0,0,0,0,0,0,0,0,0,0,0,0,0,0,0,0,0,0,0,0,0,0,0,0,0,0,0,0,0,0,0,0,0,0,0,0,0,0,0,0,0,0,0,0,0,0,0,0,0,0,0,0,0,0,0,0,0,0,0,0,0,0,0,0,0,0,0,0,0,0,0,0,0,0,0,0,0,0,0,0,0,0,0,0,0,0,0,0,0,0,0,0,0,0,0,0,0,0,0,0,0,0,0,0,0,0,0,0,0,0,0,0,0,0,0,0,0,0,0,0,0,0,0,0,0,0,0,0,0,0,0,0,0,0,0,0,0,0,0,0,0,0,0,0,0,0,0,0,0,0,0,0,0,0,0,0,0,0,0.280717967,0.017007842,0.297725809,0.314733651,0.331741493,0.629467302,0.944200953,4.083122119,4.321231905,4.278623723,4.780443635,5.01855342,3.010919468,4.797274323,4.720650458,5.74989062,7.110872275,5.732705625,5.375363792,6.387596113,8.573723828,9.756034567,9.585778995,11.06581554,9.245267851,9.253683195,10.64868053,10.98883737,10.20612234,10.19752984,11.0140834,10.46106281,10.13773666,9.780394832,8.546883414,8.351204656,8.138518056,7.908823614,7.381403363,6.819967429,5.943797843,5.858758634,5.493001457,4.829518472,4.974173704,4.012964909,3.842886491,3.672808072,3.222011687,3.315643394,3.145564975,3.256204524,2.82241598,2.652337561,2.76297711,2.329188566,2.439828115
dummy,Halon-1301,kt Halon1301/yr,historical,World,0,0,0,0,0,0,0,0,0,0,0,0,0,0,0,0,0,0,0,0,0,0,0,0,0,0,0,0,0,0,0,0,0,0,0,0,0,0,0,0,0,0,0,0,0,0,0,0,0,0,0,0,0,0,0,0,0,0,0,0,0,0,0,0,0,0,0,0,0,0,0,0,0,0,0,0,0,0,0,0,0,0,0,0,0,0,0,0,0,0,0,0,0,0,0,0,0,0,0,0,0,0,0,0,0,0,0,0,0,0,0,0,0,0,0,0,0,0,0,0,0,0,0,0,0,0,0,0,0,0,0,0,0,0,0,0,0,0,0,0,0,0,0,0,0,0,0,0,0,0,0,0,0,0,0,0,0,0,0,0,0,0,0,0,0,0,0,0,0,0,0,0,0,0,0,0,0,0,0,0,0,0,0,0,0,0,0,0,0,0,0,0,0,0,0,0,0,0,0,0,0,0,0,0,0,0,0,0,0,0,0,0,0,0,0,0,0,0,0,0,0,0.246752694,0.250156125,0.253559556,0.256962987,1.740882584,1.764706601,1.541777925,1.808951206,1.339269835,2.590050461,3.364342855,2.668329377,2.455610994,3.720005344,4.507911462,5.059275179,5.12394037,4.941852867,5.249867321,5.561285206,4.395590358,6.173910683,3.781259226,1.601326152,1.858289139,2.85891364,1.652377618,3.636609465,1.946778348,1.960392072,1.727253103,2.230968784,2.494738634,2.021653832,1.541762168,2.042074419,1.808935449,1.572393048,1.57919991,1.832759467,1.596217066,2.096529316,1.863390347,1.380095252,1.136745989,1.136745989,1.136745989,1.383498683,0.893396726,1.383498683,1.14014942,1.14014942,1.14014942
dummy,Halon-2402,kt Halon2402/yr,historical,World,0,0,0,0,0,0,0,0,0,0,0,0,0,0,0,0,0,0,0,0,0,0,0,0,0,0,0,0,0,0,0,0,0,0,0,0,0,0,0,0,0,0,0,0,0,0,0,0,0,0,0,0,0,0,0,0,0,0,0,0,0,0,0,0,0,0,0,0,0,0,0,0,0,0,0,0,0,0,0,0,0,0,0,0,0,0,0,0,0,0,0,0,0,0,0,0,0,0,0,0,0,0,0,0,0,0,0,0,0,0,0,0,0,0,0,0,0,0,0,0,0,0,0,0,0,0,0,0,0,0,0,0,0,0,0,0,0,0,0,0,0,0,0,0,0,0,0,0,0,0,0,0,0,0,0,0,0,0,0,0,0,0,0,0,0,0,0,0,0,0,0,0,0,0,0,0,0,0,0,0,0,0,0,0,0,0,0,0,0,0,0,0,0,0,0,0,0,0,0,0,0,0,0,0,0,0,0,0,0,0,0,0,0.008929411,0.026334671,0.04978793,0.080018275,0.117309551,0.161235604,0.210969142,0.266824059,0.328640466,0.396609662,0.469553684,0.546280157,0.625691788,0.706250562,0.78605344,0.864189455,0.938997108,1.010098883,1.079917682,1.149579426,1.219769832,1.290369073,1.358180006,1.419030824,1.469992534,1.507304221,1.526222214,1.523527346,1.498376872,1.45272985,1.391330469,1.319306992,1.240430936,1.159188061,1.0791468,1.001259703,0.926509442,0.856699727,0.792680287,0.734344012,0.681186909,0.632818953,0.589429482,0.55157554,0.518635248,0.490319351,0.465646523,0.444372029,0.425890672,0.410603342,0.398130548,0.387335378,0.378225926,0.370102192,0.361525482,0.352183245,0.34165137,0.33000838,0.318365389,0.306722399,0.295079409,0.283436418
dummy,N2O,Mt N2O/yr,historical,World,0.999086659,0.999760312,1.009970083,1.010032991,1.009485389,1.01675017,1.022006677,1.02225716,1.025386736,1.031857044,1.028001798,1.026467765,1.021977454,1.021526774,1.01879877,1.019505508,1.026609245,1.033772936,1.035658137,1.035145193,1.032644688,1.024481234,1.027406551,1.027761299,1.028365985,1.035372958,1.045811469,1.044195799,1.047528802,1.054152758,1.053775584,1.048154019,1.04568304,1.043606267,1.040590655,1.042708368,1.052382654,1.059695369,1.06471852,1.066954499,1.065672741,1.055866413,1.057460175,1.055937472,1.054209288,1.058567111,1.066978704,1.064879156,1.06622018,1.071711968,1.070481756,1.066061568,1.065443834,1.065591108,1.06598328,1.069388241,1.081996774,1.090327304,1.097332345,1.101686613,1.102166934,1.095108441,1.098885735,1.10000407,1.101492765,1.107866699,1.119219824,1.119201422,1.123033154,1.129702526,1.130927844,1.126329253,1.127141334,1.127362024,1.1259067,1.129253442,1.141757119,1.149676521,1.157260194,1.161761874,1.163798843,1.158023659,1.162131948,1.162367761,1.165911957,1.173059346,1.184630517,1.186073931,1.189097986,1.197204678,1.199127845,1.19299455,1.191899657,1.194325251,1.191443406,1.195812825,1.209449792,1.219524539,1.228161875,1.2334017,1.232450398,1.226350566,1.229824949,1.228681847,1.230157532,1.239788709,1.251576439,1.253140442,1.257533749,1.265721029,1.266064156,1.261383358,1.260907136,1.266246981,1.268511592,1.276649091,1.294113926,1.305423415,1.315234916,1.323348544,1.323193429,1.32444094,1.336832231,1.33835654,1.3444435,1.359002309,1.370233904,1.376645833,1.385881899,1.397388942,1.403527353,1.402242521,1.406333533,1.414567558,1.419612934,1.430900396,1.450436413,1.464820698,1.482233804,1.492558246,1.509228538,1.514312094,1.526909851,1.534497661,1.543232777,1.562836419,1.579325047,1.589267972,1.600623016,1.618172138,1.626347833,1.630075465,1.639828361,1.654867216,1.667856148,1.688014092,1.720455311,1.746125772,1.768060342,1.789199699,1.802271865,1.813652774,1.836576885,1.85291074,1.859489698,1.881520451,1.910349836,1.927679491,1.945472911,1.958801463,1.982946233,1.994097511,2.01726529,2.047300125,2.0696088,2.134751603,2.171592308,2.218528931,2.259265913,2.302521241,2.305786135,2.308814743,2.303279441,2.310915622,2.33797844,2.353289835,2.401034908,2.447695467,2.492372757,2.543892298,2.609017624,2.67956992,2.72502075,2.797928526,2.872567055,2.898127018,2.986432174,3.08291942,3.186404142,3.279011315,3.403325609,3.55398661,3.688600665,3.812057428,3.959770301,4.123893435,4.248876924,4.365464147,4.495794896,4.636459762,4.747950078,5.187405418,5.309178632,5.433843825,5.538717774,5.694924599,5.811942928,5.934239864,6.071906505,6.177785032,6.350115352,6.532695857,6.709985988,6.963164065,7.136799623,7.356785303,7.599885899,7.716700132,7.928953065,8.047928335,8.125865771,8.032319264,7.908773466,8.138992101,8.254532468,8.149315967,8.200513589,8.321388089,8.409194442,8.478855148,8.610497843,8.574045639,8.603963882,8.655061109,8.706095629,9.026522684,9.316549493,9.185495339,9.170684862,9.148363839,9.029933405,9.035909089,9.126126542,9.306655621,9.541468163,9.583764124,9.650159786,9.829443019,9.798408628,9.785845978,9.973200939,10.11587595,10.12993179,10.40087977,10.53822025,10.53650543,10.61215502,10.79358695,10.88799024,10.94517395,10.94706279,11.20138472,11.14611549,11.22445671
dummy,NF3,kt NF3/yr,historical,World,0,0,0,0,0,0,0,0,0,0,0,0,0,0,0,0,0,0,0,0,0,0,0,0,0,0,0,0,0,0,0,0,0,0,0,0,0,0,0,0,0,0,0,0,0,0,0,0,0,0,0,0,0,0,0,0,0,0,0,0,0,0,0,0,0,0,0,0,0,0,0,0,0,0,0,0,0,0,0,0,0,0,0,0,0,0,0,0,0,0,0,0,0,0,0,0,0,0,0,0,0,0,0,0,0,0,0,0,0,0,0,0,0,0,0,0,0,0,0,0,0,0,0,0,0,0,0,0,0,0,0,0,0,0,0,0,0,0,0,0,0,0,0,0,0,0,0,0,0,0,0,0,0,0,0,0,0,0,0,0,0,0,0,0,0,0,0,0,0,0,0,0,0,0,0,0,0,0,0,0,0,0,0,0,0,0,0,0,0,0,0,0,0,0,0,0,0,0,0,0,0,0,4.84E-06,9.81E-06,1.64E-05,2.45E-05,3.43E-05,4.52E-05,5.67E-05,6.75E-05,7.60E-05,7.98E-05,7.57E-05,5.99E-05,2.76E-05,0,0,0,0,0,0,0,0,0,0,0,0,0,0,0.000536233,0.002393352,0.005033001,0.008611983,0.013293691,0.019246126,0.026640146,0.035647871,0.046441162,0.059190093,0.074061307,0.091216205,0.110808929,0.132984166,0.157874875,0.185600133,0.216263424,0.249951821,0.286736682,0.326676647,0.36982386,0.416234485,0.465984647,0.519192848,0.576049759,0.636855792,0.702066183,0.772342153,0.848605214,0.932089579,1.024385071,1.127459798,1.243648334,1.375587463,1.526077914,1.697847693,1.893191019,2.113457976,2.356396508,2.613311243,2.883531327,3.160506791,3.443768318,3.727029844,4.01029137
dummy,NH3,Mt NH3/yr,historical,World,6.616399733,6.625567042,6.716041476,6.718461585,6.730135194,6.774933989,6.796900769,6.802215938,6.838189487,6.869286597,6.873990828,6.886997868,6.856339137,6.852274157,6.842407881,6.836043882,6.866244548,6.917138493,6.924928694,6.92496932,6.912381072,6.899979189,6.943749038,6.966669242,7.005306234,7.068041564,7.134252566,7.148653251,7.208796199,7.262080378,7.303468109,7.306497089,7.293909166,7.286825994,7.283058185,7.289339977,7.335460443,7.391106048,7.418700804,7.433978416,7.427810676,7.37798999,7.387267873,7.375052372,7.378640412,7.404675261,7.433862979,7.421054712,7.442553013,7.457733498,7.467067184,7.490047719,7.498467822,7.515719168,7.542677763,7.569803036,7.643175918,7.716668777,7.769508573,7.807937822,7.824775575,7.803080743,7.835630394,7.84729909,7.876886028,7.92533729,7.9772904,7.9841001,8.028833677,8.063728228,8.098419606,8.120939389,8.140395878,8.15731346,8.179681656,8.204168801,8.282154623,8.353324697,8.410644772,8.450032844,8.474367502,8.466091769,8.507859979,8.525197563,8.573464393,8.632372128,8.694566268,8.718152399,8.771222854,8.819089755,8.863194369,8.870919404,8.874496759,8.890172656,8.897200953,8.921601549,8.995498632,9.064845499,9.120394614,9.153971239,9.158746013,9.135532743,9.164005981,9.162135145,9.193247396,9.248525597,9.30138948,9.319280595,9.36786547,9.401863227,9.430207127,9.44401405,9.449182567,9.477574361,9.505257621,9.545864402,9.636576831,9.70984445,9.768528299,9.814675291,9.825813099,9.861550051,9.956279251,9.990849629,10.07193681,10.17312351,10.24845731,10.32351432,10.42116578,10.49614998,10.57024519,10.62237153,10.6689586,10.73467061,10.80201738,10.88611156,11.021491,11.12969905,11.24321474,11.32640446,11.39091246,11.44756333,11.55222537,11.62836942,11.72707424,11.85523469,11.95845894,12.05343915,12.16094494,12.26143795,12.34674453,12.43315101,12.52668188,12.62865303,12.74197021,12.88312344,13.0646875,13.20618887,13.36179539,13.49400227,13.58920862,13.67698275,13.82219163,13.92237622,14.04347149,14.18962764,14.34272145,14.47440921,14.6265937,14.74402706,14.86296112,14.98232868,15.0807758,15.20938114,15.30587909,15.72723144,16.00606225,16.25105981,16.48004797,16.64512644,16.69491697,16.80910196,16.85969765,16.88853876,16.97365847,17.02676062,17.22672095,17.40889164,17.49942483,17.56686198,17.66565814,17.7812409,17.80723065,17.92656497,18.06728156,18.13523691,18.37811858,18.65344574,19.0386613,19.40593501,19.86012914,20.50925836,21.04966086,21.52774171,22.0579419,22.54883283,22.94028428,23.38216477,23.94790402,24.54660572,24.88938413,25.45456401,26.22093435,27.09914969,27.60051718,29.024213,30.64200477,31.97955598,33.46257755,34.21203077,37.01000712,37.77437605,38.46253054,39.11305722,39.78809908,40.59143551,41.27205444,42.02875927,42.95659303,43.82607803,44.65449775,45.05552376,45.32641996,45.93478836,46.75652433,47.22960863,48.06711432,48.72883192,49.24097771,50.36647478,50.4449833,50.49634903,50.99644665,51.26129666,51.34121162,52.06583468,53.0345596,53.32259402,53.65485645,53.95153132,54.12746694,53.72162837,54.0769317,54.81487731,55.83784294,56.42488263,57.45744467,58.40547193,58.72256952,58.93569418,59.68240858,60.53116158,61.66205423,62.36963045,62.82088492,62.96836503,63.91342584,64.42694177,64.85759885,65.76879113,66.44848614,67.86093942,68.15892764,68.76856236
dummy,VOC,Mt VOC/yr,historical,World,59.42102486,59.4405289,60.23569411,60.19910726,60.17347873,60.70245222,60.98777875,61.02547573,61.27346521,61.68382698,61.43970918,61.38151866,60.98223415,60.90020806,60.67746702,60.65260253,61.10476978,61.60952887,61.67919351,61.58610636,61.33820831,60.67326385,60.76008696,60.68076675,60.67784767,61.11725859,61.69863108,61.54182469,61.76307726,62.13728226,62.07369287,61.73172745,61.47168273,61.25070128,60.99868628,61.0559338,61.66787625,62.15560029,62.42970671,62.49761226,62.29838519,61.58912938,61.66936893,61.55046424,61.48153449,61.83656363,62.36242364,62.25714375,62.41161921,62.7659292,62.71912109,62.38367831,62.18384593,62.04454383,61.96559177,62.04585056,62.78957447,63.26585432,63.60078974,63.73037826,63.57757383,62.98857438,63.14732402,63.1312557,63.19948611,63.62165681,64.25628424,64.2143999,64.45892478,64.82564197,64.87493857,64.49527848,64.37301823,64.20552628,63.98172665,64.02185372,64.75766773,65.17373477,65.52668824,65.63308315,65.56474519,64.99512126,65.10689368,64.97595775,65.13097117,65.5264349,66.12808651,66.13080305,66.27443703,66.65574216,66.68571726,66.18703855,65.92322194,65.87618875,65.54393518,65.6621674,66.45226492,67.00226156,67.41870991,67.57132398,67.2934624,66.68112114,66.74781868,66.5208462,66.57384223,67.11256534,67.72460475,67.74693469,67.97541545,68.35887986,68.31839395,67.7997316,67.45060378,67.49465791,67.38018672,67.62720442,68.5735595,69.05499953,69.41343681,69.63466509,69.30794627,68.94640323,69.36270018,69.07592244,69.1445951,69.75301007,70.05596955,70.20201861,70.49785996,70.85194528,70.94726247,70.40463282,70.1060657,70.06097913,69.86886305,70.02924596,70.87377237,71.30428067,71.85713445,71.91473456,71.79760841,71.47602354,71.64909636,71.48329931,71.47557368,72.17450357,72.56121424,72.61484707,72.73045619,73.17764795,73.07479273,72.79415826,72.79234177,73.21017299,73.43394772,74.21134795,75.48836833,76.55646587,77.09006062,77.68807681,77.71622156,77.59697346,78.22469851,78.6223894,78.20439198,78.79227995,79.87918441,80.44073386,80.88347341,80.87433055,81.85808055,81.55149001,81.97374463,83.10689535,82.95092345,83.7275088,83.41509277,85.11743153,86.30125997,87.67456691,87.19550882,86.44829838,86.18278956,86.89946262,88.622528,89.65671059,91.08704148,92.70727713,91.88304742,92.17227941,93.39110384,94.15535196,93.70274926,95.09164948,96.18158322,94.64931758,95.41579759,96.93647182,99.81440958,99.0938934,102.1101853,104.5280005,105.5947656,106.2244606,109.0366195,114.0254638,116.0302347,116.4754626,117.1545711,119.6134079,120.6023414,124.2480448,126.6466046,130.2592775,131.636228,135.6039498,136.2470463,138.0144575,141.7465982,145.9106029,153.2538362,155.0697558,158.1874103,160.2227643,158.9145294,156.4719153,160.6565777,163.9258423,166.2773042,166.7776118,169.0597468,166.6485938,165.3223909,165.0342173,166.4391335,163.7852331,167.1770026,168.4313566,170.933419,180.4973988,179.2148782,179.4914546,187.0714618,188.0955401,178.8562036,193.705336,198.5908058,194.8854177,192.7425078,191.3361797,182.9292542,178.7871146,179.7994286,184.0750536,191.3878524,190.3857686,188.0574273,186.6709114,186.1644401,180.5647633,183.810229,185.7776515,190.7160208,194.9817703,195.9066828,193.7070336,193.7702427,196.0055329,191.172151,193.7000845,188.5076902,179.8477838,186.9739106,186.7328922
dummy,NOx,Mt NO2/yr,historical,World,19.1961826,19.19667514,19.23614794,19.24528998,19.19075936,19.35550373,19.49050182,19.52547261,19.50861542,19.67686186,19.4820214,19.37625065,19.32169206,19.32887025,19.26476651,19.33946726,19.53444675,19.61997292,19.6685848,19.62566046,19.55648646,19.3122593,19.28865618,19.2784196,19.21105669,19.33579212,19.5631806,19.53535317,19.48688064,19.62999932,19.48389242,19.25051423,19.21879126,19.16785732,19.07150974,19.16221174,19.41514218,19.49017876,19.60545718,19.62629247,19.5917252,19.35054914,19.34104474,19.32149452,19.22118076,19.30962155,19.52869368,19.50891916,19.45571691,19.62840834,19.49723685,19.25167215,19.24798301,19.21452304,19.16753856,19.25912902,19.55811786,19.62604988,19.74340269,19.78316334,19.75251943,19.52437663,19.52951296,19.54337397,19.48714573,19.58956781,19.8537167,19.86649478,19.84298745,20.00512523,19.89206356,19.62443389,19.61573116,19.57483335,19.45433704,19.54210031,19.8101441,19.85482976,19.96405403,19.99123849,19.99249812,19.76596016,19.74719915,19.70635192,19.66881282,19.7563332,20.0020328,20.0175369,19.93300785,20.10172583,19.99171668,19.68612105,19.62860099,19.65259855,19.50812727,19.61197619,19.91641953,20.04420192,20.17885387,20.23886298,20.16168285,19.96099749,19.94555043,19.90742041,19.84845164,20.02534995,20.29429965,20.31200684,20.27846409,20.49163143,20.3773503,20.09345178,20.03177335,20.11402938,20.07744435,20.2517056,20.62300634,20.77169512,20.91062634,21.03616746,20.94181602,20.87352083,21.03629924,21.03559808,20.97500116,21.20864921,21.4113083,21.45546494,21.46154941,21.70805728,21.76984675,21.51817694,21.5431456,21.63954444,21.59056471,21.73984345,22.0897409,22.30097823,22.64288745,22.71217638,22.83453557,22.84076692,22.88161109,22.8641079,22.84365493,23.20327439,23.53525122,23.63283329,23.68048202,24.1253834,24.19275965,24.09093666,24.22865025,24.68366707,24.86996487,25.35282103,26.05203433,26.92404564,27.07640678,27.47007979,27.80159812,27.93834038,28.32951086,28.8948596,28.42925241,28.82022939,29.80349529,30.36101292,30.61233822,30.49294136,31.85544836,31.52713764,32.34491999,33.53482328,33.7435258,34.51185478,34.77440808,36.17859518,36.85670362,38.18568968,37.16216644,36.01230183,35.18171385,35.78327663,37.0511696,38.04325632,39.5919536,41.168397,40.11847284,41.05011207,42.80062679,43.63993014,43.47957993,44.74248645,45.81150419,44.40268888,45.3904114,47.21992593,49.21668814,48.81864996,51.29647701,52.97670012,54.23487119,55.15496138,56.51276984,60.42561643,62.62534729,63.70193692,64.12915907,65.45466314,67.59339698,69.27247812,71.18436741,74.22203788,77.4490451,80.3159384,82.00174054,84.85304604,89.42520571,91.23858439,96.47747672,98.93219527,102.6934403,107.3515803,106.3753608,105.4345108,109.5817416,112.2868434,114.7397035,117.1006367,116.6950769,114.3163465,111.7283769,111.1320362,113.7752149,114.6984048,117.6739027,121.1348516,125.0097515,128.7470058,129.33965,130.2068208,131.8525824,132.6766518,132.1982275,135.8938553,138.734855,139.4709631,138.6524551,137.5894168,139.0503591,137.0192471,137.06959,141.2522289,145.2864889,148.0177466,150.4202359,152.9969749,153.0117528,143.8709894,142.7161442,146.9657825,144.9850202,142.398738,139.6160315,137.7706416,136.2384458,136.283037,134.4861679,132.1705409,121.8865291,125.3113104,126.0976058,127.0236223
dummy,OC,Mt OC/yr,historical,World,15.5693632,15.57779492,15.83418279,15.81789152,15.82079369,15.9563456,16.0247419,16.02925614,16.1228903,16.22354143,16.18920277,16.19389838,16.07236119,16.04607712,15.98094179,15.95734087,16.06720836,16.22394453,16.2379509,16.22978394,16.16947936,16.00498608,16.03711154,16.00818642,16.01957486,16.13318981,16.27501648,16.22713005,16.31375677,16.40335386,16.41514582,16.35622193,16.27597113,16.22081754,16.15464089,16.15594805,16.30642448,16.46225924,16.53021965,16.5620357,16.51180045,16.34204885,16.37749919,16.34532816,16.35054337,16.45148332,16.58441594,16.56180097,16.63619431,16.72355495,16.74820115,16.69798981,16.63451246,16.60901337,16.59252119,16.60364637,16.78931141,16.94694858,17.03658717,17.08817532,17.05837452,16.93195888,16.99464413,16.99351744,17.04130071,17.16564352,17.33111663,17.32588652,17.42595666,17.52553454,17.58282244,17.5312877,17.5029248,17.48241574,17.44362441,17.45142884,17.64834418,17.80404165,17.90952442,17.96390937,17.96824744,17.85442015,17.91466584,17.89557463,17.97851975,18.11164917,18.28470601,18.30151774,18.39011126,18.50081554,18.56223766,18.49189472,18.42728413,18.44490771,18.38936121,18.43697372,18.66475026,18.86552943,18.99076815,19.06584597,19.02889831,18.89657742,18.95522789,18.92082921,18.99571861,19.16588869,19.34400927,19.37430669,19.48888107,19.6080736,19.66017802,19.56259363,19.48103333,19.51738135,19.5108594,19.58116913,19.86574368,19.99261684,20.10359083,20.19314406,20.14743774,20.05704011,20.19256852,20.10532113,20.13613211,20.28610998,20.34690562,20.38533536,20.48640921,20.57192778,20.61775809,20.4933249,20.40018134,20.39177089,20.33222462,20.35337598,20.55436415,20.6640702,20.80994027,20.79413781,20.75071116,20.64026222,20.68575604,20.60987425,20.59844096,20.75335152,20.79775316,20.78945652,20.83328996,20.91746318,20.87017551,20.7598791,20.69489083,20.73586387,20.71193149,20.85652016,21.15183342,21.31901639,21.39693165,21.48746912,21.43509422,21.34553972,21.49945709,21.48826066,21.31213003,21.38558987,21.53563055,21.54213053,21.55952946,21.3138213,21.3949631,21.26159793,21.17447814,21.26446832,21.22452855,21.29849578,21.14037986,21.28816359,21.46003716,21.56362093,21.44678792,21.35969066,21.35001071,21.32132377,21.64899374,21.76828063,21.86738,21.96228575,21.79206386,21.67786664,21.77819522,21.8050708,21.79431815,21.91284006,21.84721847,21.3499587,21.4688686,21.42253952,21.75868668,21.72479664,21.88207194,22.05923716,22.08188352,21.84992812,22.21036994,22.72310153,22.74688862,22.62701096,22.5828332,22.61343622,22.37420713,22.65729576,22.71144798,22.91989864,22.68106247,22.86789926,22.45283363,22.24846112,22.22198055,22.31823975,22.64953538,22.72520568,22.96021765,22.975805,23.11062818,22.86012542,23.1492587,23.42702016,23.81266586,23.9284925,24.52535498,24.26624439,24.20123295,24.2541479,24.4519406,24.18352721,24.66262374,24.91139064,25.16173087,26.80571741,26.59358348,26.77193701,27.98536207,28.21013915,26.9160453,29.27932781,31.13741373,30.56603318,29.97178278,29.76373121,28.69163159,27.72753837,27.87525654,28.68006018,29.74301781,29.38531567,28.59091255,28.14565819,28.29852732,27.57433644,27.94204151,27.76184986,28.36477419,29.04565193,29.14023361,28.89001878,29.15447176,30.12252366,29.55694687,31.34096527,30.64188981,33.3655234,32.50676339,32.89866747
dummy,SF6,kt SF6/yr,historical,World,0,0,0,0,0,0,0,0,0,0,0,0,0,0,0,0,0,0,0,0,0,0,0,0,0,0,0,0,0,0,0,0,0,0,0,0,0,0,0,0,0,0,0,0,0,0,0,0,0,0,0,0,0,0,0,0,0,0,0,0,0,0,0,0,0,0,0,0,0,0,0,0,0,0,0,0,0,0,0,0,0,0,0,0,0,0,0,0,0,0,0,0,0,0,0,0,0,0,0,0,0,0,0,0,0,0,0,0,0,0,0,0,0,0,0,0,0,0,0,0,0,0,0,0,0,0,0,0,0,0,0,0,0,0,0,0,0,0,0,0,0,0,0,0,0,0,0,0,0,0,0,0,0,0,0,0,0,0,0,0,0,0,0,0,0,0,0,0,0,0,9.57E-06,2.13E-05,3.69E-05,5.68E-05,8.07E-05,0.000108037,0.000137297,0.000165887,0.000189855,0.000203597,0.000199627,0.000168453,9.86E-05,0,0,0,0,0,0,0,0,0,0,0,0,0,0,0.000356992,0.004605848,0.01067483,0.01883142,0.029232867,0.041875236,0.056644012,0.073374978,0.091897075,0.11206027,0.133751625,0.156902504,0.181489546,0.207531576,0.235084191,0.264233344,0.29508887,0.327778618,0.362443596,0.39923436,0.438308752,0.479830993,0.523972057,0.570911194,0.620838401,0.673957558,0.730489837,0.702733488,1.038951089,1.520320579,1.991173714,2.272955,2.36029671,2.657696128,3.189736397,3.148514699,2.710433607,3.315026597,4.107386215,4.433773892,4.151339618,4.255410404,4.609115324,5.034802571,5.435412257,5.462365944,5.527404812,5.906076998,6.240794121,6.176890797,5.736287262,5.467872429,5.248972454,5.146646209,5.205923363,5.618252134,5.920563961,5.83393534,6.115535272,6.502894401,6.953798886,7.293258414,7.230171303,7.385397001,7.655944436,7.964759295,8.20438454,8.40196013,8.532423657,8.75636956,8.891021144,8.93554061,8.904120139,8.962573116,9.092413287,9.222253458,9.352093628
dummy,SO2F2,kt SO2F2/yr,historical,World,0,0,0,0,0,0,0,0,0,0,0,0,0,0,0,0,0,0,0,0,0,0,0,0,0,0,0,0,0,0,0,0,0,0,0,0,0,0,0,0,0,0,0,0,0,0,0,0,0,0,0,0,0,0,0,0,0,0,0,0,0,0,0,0,0,0,0,0,0,0,0,0,0,0,0,0,0,0,0,0,0,0,0,0,0,0,0,0,0,0,0,0,0,0,0,0,0,0,0,0,0,0,0,0,0,0,0,0,0,0,0,0,0,0,0,0,0,0,0,0,0,0,0,0,0,0,0,0,0,0,0,0,0,0,0,0,0,0,0,0,0,0,0,0,0,0,0,0,0,0,0,0,0,0,0,0,0,0,0,0,0,0,0,0,0,0,0,0,0,0,0,0,0,0,0,0,0,0,0,0,1.40E-05,2.99E-05,5.10E-05,7.77E-05,0.00010964,0.000145948,0.00018448,0.00022167,0.000252113,0.000268195,0.000259806,0.000214196,0.000116077,0,0,0,0,0,0,0,0,0,0,0,0,0,0,0.000963054,0.00678036,0.015030374,0.026053283,0.040034349,0.056933088,0.076543216,0.098568928,0.122680832,0.148554402,0.175894182,0.204446943,0.234006727,0.264414303,0.295553095,0.327343178,0.359734525,0.392700302,0.426230743,0.460327862,0.495001126,0.530264058,0.56613171,0.602618829,0.639738628,0.677501957,0.715916783,0.754987864,0.794716522,0.835100483,0.876133775,0.917806685,0.960105855,1.003014615,1.046513663,1.090582282,1.135200286,1.180350872,1.226024599,1.272224658,1.318973494,1.366320761,1.414352362,1.463200067,1.513050817,1.564154418,1.616827697,1.671452654,1.728465428,1.788332255,1.851508136,1.918373615,1.989645236,2.066511742,2.146525064,2.229990396,2.317310029,2.414041678,2.529421988,2.676307963,2.854500434,3.065583344,3.31815396,3.610899462,3.938610482,4.266321502,4.594032522
dummy,Sulfur,Mt SO2/yr,historical,World,2.297550411,2.298930306,2.32712711,2.326027744,2.325368513,2.344432204,2.362905382,2.363182139,2.371746058,2.388025655,2.377940989,2.384702867,2.370492991,2.368739739,2.360802013,2.359340894,2.389082311,2.408088833,2.41280726,2.411638085,2.405020547,2.392489326,2.395632839,2.391952468,2.392046946,2.40775496,2.444338946,2.437142637,2.444228457,2.46050388,2.456267895,2.460305266,2.451713319,2.446926766,2.436996706,2.4406203,2.485710006,2.504525208,2.513585264,2.517941051,2.51396709,2.50916164,2.519265141,2.515177965,2.512317265,2.524647397,2.555062773,2.561332739,2.576735821,2.600940912,2.6147809,2.601454908,2.634650168,2.624892154,2.634122166,2.643725462,2.688331618,2.718447379,2.720491065,2.726894752,2.729993338,2.731712765,2.752058437,2.754902699,2.764649204,2.790682543,2.851897843,2.861050419,2.874312961,2.889607582,2.897642143,2.892916959,2.909940414,2.932198253,2.944203307,2.963759915,3.001680999,3.057887706,3.079503745,3.091358094,3.279330697,3.236233267,3.256140664,3.271100889,3.288422971,3.329106814,3.487257096,3.485692411,3.524979398,3.587070528,3.645947003,3.661966294,3.721207243,3.777988958,3.857175934,3.991740766,4.031599336,4.195611771,4.282644742,4.388028998,4.39461064,4.397393717,4.471491174,4.536111126,4.840166126,4.900196561,5.097741028,5.145013426,5.212755559,5.447150175,5.715091296,5.83241583,5.868727507,6.139495469,6.41774445,6.659479015,6.840337239,7.203850732,7.385564297,7.730641276,7.882670128,8.306717098,8.951027373,9.385348182,9.227541423,9.716954987,9.926568238,10.18153429,10.28770156,10.87921055,11.86771106,12.25016972,12.80602415,13.4810021,13.65651591,13.75760573,13.92054357,14.43363717,15.70641436,15.74901692,16.88824134,17.63625484,17.96332314,17.81805613,18.40678823,19.43746006,20.11138214,21.00449048,22.13322886,24.00025108,25.14411852,26.10203698,26.84970846,29.02125648,29.4642691,31.28149628,33.21180418,36.48869744,35.05702726,36.78475479,38.4091052,38.77690205,40.15047912,41.75519082,38.23625153,38.1539202,41.5224042,43.22404569,42.75098489,36.51234832,40.48701996,34.61918139,36.24686648,39.70108477,39.81353523,40.15548481,41.17794843,43.5385948,43.76191031,46.7213677,43.13518336,38.24949546,33.88900295,35.82329185,39.44795225,42.55430575,45.58807056,49.1118522,45.71686862,48.70867566,53.7399003,56.00647694,57.15647705,58.04515451,56.42331961,48.77771978,47.59561209,52.45333691,54.44599788,53.08067145,56.6345412,60.32227105,61.5877928,62.98375334,64.63592289,70.22902985,75.01876728,76.93657781,78.76771156,82.58470984,87.47942057,88.83697756,91.64257313,95.48899559,100.4164219,103.0640951,105.6245975,106.027854,110.8235149,115.3375677,122.7445508,122.8262012,125.8795862,132.0093886,130.2659202,128.6455374,134.4927999,135.6620407,136.2382511,138.9496208,138.6575164,134.0843032,130.8815266,128.9806759,130.2907327,130.6631708,130.3782092,132.6350607,133.6359244,133.5493858,133.2536799,130.5415686,126.1096422,124.0036836,120.9295875,118.6949659,116.0528305,115.7994433,113.7236792,109.4821895,108.7486235,109.6526109,108.5321847,113.4361072,118.5190331,124.220497,124.6070837,123.6434316,119.6443545,109.7839482,106.4132906,109.8823701,106.4733495,101.8431372,97.34839024,91.26091231,87.74335152,84.19915101,81.89025854,79.92880231,67.53149986,69.99201596,70.66215513,71.01499236
dummy,c-C4F8,kt cC4F8/yr,historical,World,0,0,0,0,0,0,0,0,0,0,0,0,0,0,0,0,0,0,0,0,0,0,0,0,0,0,0,0,0,0,0,0,0,0,0,0,0,0,0,0,0,0,0,0,0,0,0,0,0,0,0,0,0,0,0,0,0,0,0,0,0,0,0,0,0,0,0,0,0,0,0,0,0,0,0,0,0,0,0,0,0,0,0,0,0,0,0,0,0,0,0,0,0,0,0,0,0,0,0,0,0,0,0,0,0,0,0,0,0,0,0,0,0,0,0,0,0,0,0,0,0,0,0,0,0,0,0,0,0,0,0,0,0,0,0,0,0,0,0,0,0,0,0,0,0,0,0,0,0,0,0,0,0,0,0,0,0,0,0,0,0,0,0,0,0,0,0,0,0,0,1.10E-05,3.05E-05,5.71E-05,9.17E-05,0.000134238,0.000184036,0.000238902,0.000294833,0.000345435,0.000381375,0.000389888,0.000354444,0.000254685,6.68E-05,0,0,0,0,0,0,0,0,0,0,0,0,0,0,0.006502401,0.016832452,0.030896711,0.049042081,0.071300865,0.097209014,0.125698425,0.155396973,0.184985504,0.213519853,0.240513879,0.265998723,0.29040788,0.314477665,0.339072696,0.365084557,0.393276467,0.424265105,0.458398412,0.495724688,0.535961731,0.578677569,0.623350246,0.669524953,0.716831762,0.765108708,0.814391666,0.864971552,0.917135894,0.97098445,1.026172106,1.081848295,1.136416059,1.187338959,1.230969309,1.262757676,1.277602934,1.270618649,1.238309474,1.180311276,1.100826947,1.007083756,0.908097038,0.812707516,0.728925773,0.662424184,0.616529256,0.591896476,0.587498698,0.600906753,0.629337692,0.669662695,0.719140946,0.775160059,0.835759391,0.899212111,0.964458276,1.030689422,1.097706633,1.165416225,1.234148983,1.304149868,1.375882704,1.449480399,1.525031923,1.601999287,1.679514622,1.7560771,1.8302063,1.900330628,1.965634064,2.026153851,2.083278658,2.138385452,2.193492247,2.248599041
