,ERF,ERFariSW,ERFaciSW,ERFariLW,ERFaciLW,albedo,ERFari,ERFaci,residual
1850,-0.07326400563850821,-0.06584180107375368,0.0363117291703445,-0.09791378231941415,0.06570170059890529,-0.014665928247027641,-0.16375558339316781,0.10201342976924979,0.003144076232437452
1851,0.06330707423820257,0.00923038626227179,0.1378007528738279,-0.11487514042204998,0.015446851563295809,0.013123073459714871,-0.10564475415977818,0.1532476044371237,0.002581150501142179
1852,0.17664286974431156,0.012568583425675931,0.09942249744182366,0.06597972697499634,-0.007318220156233123,0.008147225312252602,0.07854831040067227,0.09210427728559054,-0.0021569432542038417
1853,0.016762196270434047,0.0496409109044996,-0.05684089834197435,-0.04230917322545635,0.08694822926835881,-0.020698135671856768,0.00733173767904325,0.030107330926384457,2.1263336863107385e-05
1854,-0.05261764193504658,0.0609771733672528,0.02136129500235679,-0.12724340248112004,0.0063520775005642145,-0.014979969523900204,-0.06626622911386723,0.027713372502921003,0.0009151841997998497
1855,-0.0973119298003178,-0.048236670373683725,-0.06345479126657862,0.015985536106120534,-0.05256760774287967,0.05211373742214851,-0.032251134267563195,-0.1160223990094583,-0.0011521339454448262
1856,0.08465107320060802,0.04760678563364871,0.019447439980889127,-0.007377678065874283,0.008960764780907701,0.0198588171213307,0.040229107567774425,0.028408204761796826,-0.0038450562502939274
1857,0.04402611553679274,0.041027595407432824,-0.0021670756391359244,-0.05487645973346539,-0.008963115380054952,0.07014548908700517,-0.013848864326032564,-0.011130191019190876,-0.0011403182049889854
1858,-0.08181802626256195,-0.04582834947739515,-0.07961534221390347,-0.04753116153318234,0.1159184917297384,-0.02207918990849405,-0.09335951101057749,0.03630314951583492,-0.0026824748593253303
1859,0.020173005465075482,0.01781943383628974,-0.04885740726929183,0.005863434939858173,0.07076365873591818,-0.021256646413804387,0.023682868776147913,0.02190625146662635,-0.004159468363894393
1860,-0.09336776677038697,0.009065309832468112,0.008510703447865094,-0.045804961179976275,-0.04833872604812891,-0.020578937188082822,-0.03673965134750816,-0.039828022600263815,0.0037788443654678296
1861,-0.07775046225816717,-0.019693406206001626,-0.015192867395278226,0.01792246335540558,-0.006524458283532936,-0.05286084025066842,-0.001770942850596046,-0.021717325678811163,-0.0014013534780915396
1862,-0.13625514014457585,0.015704735081184272,-0.09443612631858724,-0.1614863518633102,0.027814033684427822,0.07735093006428122,-0.14578161678212592,-0.06662209263415941,-0.00120236079257173
1863,0.07382708037810595,0.04243003854720484,0.06455965517147126,0.013375684600207062,-0.024542941756736887,-0.01853761433854864,0.055805723147411904,0.040016713414734374,-0.003457741845491684
1864,-0.008278291716319539,0.023224627128747524,-0.03883813249335376,-0.07785471751445228,0.00656304122074963,0.07687075638797375,-0.05463009038570475,-0.032275091272604126,0.0017561335540155903
1865,-0.08549816278772458,-0.022376330853864368,0.0714512072740708,-0.20719003270997466,0.05672871605216933,0.014722183308304533,-0.22956636356383903,0.12817992332624012,0.001166094141569778
1866,0.016848451240986505,-0.013366903229218158,-0.16846441865368078,0.09122705717790937,0.057299799851421966,0.052438956079183155,0.07786015394869121,-0.11116461880225881,-0.0022860399846290486
1867,-0.022559252953948936,0.07615300134844978,-0.058827385545450465,-0.04443884546070044,0.03968306727585172,-0.03882241714209333,0.03171415588774934,-0.019144318269598747,0.003693326569993799
1868,0.09463645735830463,0.05610413462451247,-0.17289473260407973,0.018418572631909907,0.1362128129336148,0.05453427530175297,0.07452270725642238,-0.03668191967046491,0.0022613944705941955
1869,0.1149265652887384,0.020644180064800732,0.017290947311235202,0.08897481567811001,-0.02761370014318078,0.011369155489943147,0.10961899574291074,-0.01032275283194558,0.004261166887830091
1870,-0.2755064575593498,0.0038330273601841903,-0.13861021017668826,-0.1502673154493559,-0.04594376761721628,0.049590283240667755,-0.14643428808917172,-0.18455397779390453,0.005891525083058673
1871,0.039973142508444255,0.05671607578393131,-0.02809657677983966,0.009112624873260233,-0.04014158555972108,0.04685232156684901,0.06582870065719154,-0.06823816233956075,-0.004469717376035548
1872,-0.3722806601838345,0.02506850483428976,-0.22360370415615802,-0.1831368489310855,-0.04456763105856967,0.05314891491285532,-0.15806834409679574,-0.2681713352147277,0.0008101042148336221
1873,0.0356385923415865,-0.0071270252419655495,0.12969330384061817,-0.07962670226721505,-0.0487779716322178,0.04293248343509149,-0.0867537275091806,0.08091533220840036,-0.001455495792724755
1874,-0.10499038228067069,-0.05308036779383112,-0.11719325996188773,0.04461070330091932,0.029144707793891552,-0.00838094983143559,-0.008469664492911803,-0.08804855216799617,-9.121578832712793e-05
1875,-0.061105651024762626,0.05776748529697597,-0.029054560672507102,-0.12310054010475814,0.039078755410744,-0.004800404368008931,-0.06533305480778218,0.010024194738236899,-0.0009963865872084183
1876,0.21813780666089322,0.06335543459058211,0.12968265609013496,-0.09582247915041384,0.05630046039532061,0.0669986022257323,-0.03246704455983172,0.18598311648545557,-0.002376867490462911
1877,-0.17657008480033104,-0.0017929407717873118,-0.12475099002659212,0.02065357176615788,-0.04196363852337009,-0.03369595519260887,0.01886063099437057,-0.16671462854996222,0.004979867947869476
1878,0.0659768348607843,-0.050113739526531864,-0.04461287078541746,0.061558307272992864,0.06843092259695861,0.038167429085599947,0.011444567746461,0.023818051811541154,-0.007453213782817797
1879,-0.0374392878209568,-0.043321230307265014,0.06217428321732914,-0.07646745560846954,-0.0987874376262448,0.12416644742898292,-0.11978868591573455,-0.03661315440891566,-0.005203894925289498
1880,-0.030995621523746467,0.11511695452652049,-0.08167359657743035,-0.02236599424677188,-0.06600159728970655,0.022562880350566486,0.0927509602797486,-0.1476751938671369,0.0013657317130753438
1881,-0.034906545928678194,-0.047425159868191305,0.0736830264978477,-0.0776593043184114,0.0217312581828305,-0.004715238602243522,-0.1250844641866027,0.09541428468067821,-0.0005211278205101777
1882,-0.11706002185697247,-0.055273569914850065,-0.18600831325182765,0.07557241932859841,0.05254744576793681,-0.006923260745304504,0.02029884941374835,-0.13346086748389085,0.003025256958474531
1883,-0.2136217819695744,-0.020963810987404487,-0.14514454958308948,-0.08961442928089829,0.03530007833231904,0.006043686780212655,-0.11057824026830278,-0.10984447125077043,0.0007572427692861495
1884,0.09697541900624862,-0.010097785190573413,0.030931121269564196,0.06258835398900053,0.020485944804375506,-0.012187317943370218,0.05249056879842712,0.0514170660739397,0.005255102077252022
1885,-0.010533736005705932,0.0031473850930171807,0.014090372100130078,0.03179229607790217,-0.03879403589697642,-0.018655998162708933,0.03493968117091935,-0.024703663796846343,-0.0021137552170700027
1886,-0.09236597498630114,0.03425400487247787,-0.21700956965341903,0.05969460029888223,0.04442060387567637,-0.012896306545494408,0.09394860517136011,-0.17258896577774266,-0.0008293078344241856
1887,-0.12172596596944603,-0.030528119901732886,-0.11442085244377856,-0.043897932694745,0.007063340646355632,0.05454727239075596,-0.07442605259647789,-0.10735751179742292,0.0055103260336988175
1888,-0.005461929222191195,-0.01749655638833647,-0.15762294100020272,0.14544267763256225,0.0623505696680166,-0.03774107910310408,0.12794612124422577,-0.0952723713321861,-0.00039460003112677666
1889,0.094696419430408,0.06689022382312841,0.005842065580774793,-0.024705730155904763,0.03176001081397764,0.01658363787748858,0.04218449366722365,0.03760207639475244,-0.0016737885090566604
1890,-0.023837284550497613,0.0538256592535668,-0.2976725064629219,0.19287135719694876,0.011765855963377642,0.015602400221144166,0.24669701645051556,-0.2859066504995443,-0.00023005072261305347
1891,-0.149997643774828,-0.009408516638826041,0.05091467122465085,-0.12623950518246496,-0.05812138492252534,-0.010183158960346567,-0.13564802182129101,-0.007206713697874491,0.0030402507046840797
1892,0.008886225492811881,-0.008923041400900564,0.001186954492808859,-0.02051260548502988,-0.029936126634881093,0.0636965087478565,-0.029435646885930443,-0.028749172142072232,0.0033745357729580566
1893,-0.1329709722525661,-0.02351862227902573,-0.12288785867623288,0.05715614790287849,-0.04445571456795234,0.005048815139911598,0.03363752562385276,-0.16734357324418522,-0.004313739772145223
1894,-0.27990453932587295,0.001915533106946322,-0.42783605804139696,0.09139422640281882,0.053447200977460974,-0.0020665218811531175,0.09330975950976514,-0.374388857063936,0.003241080109451046
1895,-0.08180482208601615,-0.09940151883024538,-0.025181246230127057,0.0035720873235555468,0.010051150387198279,0.02064948494718598,-0.09582943150668984,-0.015130095842928779,0.00850522031641648
1896,-0.2592961055038134,-0.05793627002098311,-0.1804866607008835,-0.030248269730435855,-0.012968282573472562,0.021913678665088,-0.08818453975141896,-0.19345494327435608,0.00042969885687366496
1897,-0.34994055159807996,-0.0548988099340224,-0.16860612824828322,-0.1251006088378789,0.0060554886736483085,-0.009370118324385224,-0.17999941877190132,-0.16255063957463492,0.0019796250728414955
1898,-0.2245357097242801,-0.035935753166332796,-0.1240138274058366,-0.12763839085602302,0.012849500929631818,0.04679454283926637,-0.16357414402235582,-0.11116432647620478,0.003408217935014113
1899,-0.2789624721247326,-0.11184693525576793,-0.10250829923067624,-0.01575057111570387,-0.10855416166527544,0.05852074395355573,-0.1275975063714718,-0.21106246089595168,0.0011767511891351765
1900,-0.1851432767752921,0.021564574592816278,-0.2110100527745677,-0.01955885400598746,-0.0007743632643193054,0.023834248836290733,0.002005720586828817,-0.211784416038887,0.0008011698404753465
1901,0.024480099152090998,0.05386213149348984,-0.06786943267064242,-0.01338842385323291,0.04480807924660917,0.013880579181143547,0.04047370764025693,-0.023061353424033253,-0.006812834245276225
1902,-0.13331118584907947,0.03291412896811533,-0.2685319514170123,0.020262930768561754,0.07421373593092936,0.012423983127858938,0.053177059736677086,-0.19431821548608294,-0.004594013227532549
1903,-0.38135742765589,-0.053793485371984924,-0.20738017008649723,-0.14878621122313665,-0.004026446265668783,0.034763763014382984,-0.20257969659512157,-0.211406616352166,-0.002134877722985387
1904,-0.29081921119048193,-0.0037728751852157904,-0.18128014810925572,-0.08580155219702464,-0.05850477836051086,0.03220427112043411,-0.08957442738224043,-0.23978492646976657,0.00633587154109095
1905,-0.4119394177137188,0.025501554702508453,-0.27379282491150414,-0.1270992153719254,-0.00838270761733164,-0.027653642618910606,-0.10159766066941694,-0.28217553252883576,-0.0005125818965554703
1906,-0.07355798757528335,-0.03900243956518896,-0.1783948413601537,0.04315722422853682,0.05042335115512736,0.045596109866020744,0.004154784663347864,-0.12797149020502635,0.004662608100374395
1907,-0.03068999610670087,-0.010251320788124072,-0.24965585031027734,0.15401293432221624,0.042499153247349084,0.035616376528907964,0.14376161353409217,-0.20715669706292827,-0.002911289106772727
1908,-0.39058073176355906,-0.08113073239142196,-0.2792974563935116,0.007404538677699252,-0.0122803586514432,-0.024192787699544173,-0.07372619371372272,-0.29157781504495484,-0.0010839353053373121
1909,-0.5306518662624854,-0.08863110532423756,-0.3268145161565641,-0.10651283099806946,-0.003830166719426797,-0.0028778842567553403,-0.19514393632230703,-0.3306446828759909,-0.001985362807432108
1910,-0.4801566112236134,-0.02149248292669123,-0.40709379014706143,-0.06093168484937589,0.0554265222331728,-0.04160749883194164,-0.08242416777606712,-0.35166726791388864,-0.004457676701716047
1911,-0.18509599322452536,-0.13057847958947458,-0.0916400422921642,0.04606958615324339,-0.007539507382351015,-0.0033948525730758132,-0.08450889343623119,-0.09917954967451521,0.001987302459296861
1912,-0.4041529052860937,-0.17319111655784308,-0.16681315407551608,0.014285870972032159,-0.11901861198507807,0.043821197955824516,-0.15890524558581093,-0.28583176606059413,-0.003237091595513171
1913,-0.543535620740816,-0.08589382740066762,-0.4019197745200006,-0.07029538924454024,-0.05929993680691989,0.07418111199679606,-0.15618921664520785,-0.4612197113269205,-0.00030780476548364355
1914,-0.41546536605859363,-0.01659102255259488,-0.26150106661575445,0.016901793022461656,-0.1321601003522629,-0.01820870077668427,0.00031077046986677584,-0.39366116696801734,-0.003906268783758795
1915,-0.21265698199238375,-0.046771953432332806,-0.15930486080572545,0.10116725324049734,-0.07195542406924599,-0.036395367130118254,0.054395299808164536,-0.23126028487497144,0.0006033702045413966
1916,-0.32760747579788263,-0.057620871320493955,-0.48169146282051606,0.16235664214833856,0.05487705009895023,-0.006799951190077676,0.1047357708278446,-0.42681441272156584,0.0012711172859163084
1917,-0.15149169483730418,-0.09442024694256036,-0.18485947488974083,0.13026717192954748,-0.012972929938206992,0.014248248027595499,0.03584692498698712,-0.19783240482794784,-0.003754463023938946
1918,-0.2856656683110146,-0.04984483682757727,-0.23726792455053552,0.08544477605727065,-0.07360761985044953,-0.009286050687170685,0.03559993922969338,-0.3108755444009851,-0.0011040124525522194
1919,-0.291003516896082,-0.030922681484461534,-0.31703002025930943,0.05016648140133137,-0.010961153846121244,0.022491394812119245,0.019243799916869836,-0.32799117410543066,-0.004747537519640396
1920,-0.32437686372888885,-0.07584761164628451,-0.40242418740268904,0.09579527137233092,0.06286394730698525,-0.0058450313127147956,0.01994765972604641,-0.3395602400957038,0.0010807479534833374
1921,-0.4933397527418886,-0.031232161173713767,-0.44560503600164925,0.05913632291612536,0.017235032282683544,-0.09491417191756085,0.027904161742411594,-0.4283700037189657,0.002040261152226386
1922,-0.39807258934768736,-0.04422154390404829,-0.42242629248610053,0.024241119724707834,0.04252961109325599,0.002090194738454617,-0.019980424179340456,-0.37989668139284455,-0.0002856785139569405
1923,-0.32703006275463903,-0.10022536910834709,-0.2689958472324219,0.09563110200106487,0.026924602468915367,-0.07789088704483049,-0.004594267107282224,-0.24207124476350655,-0.0024736638390197574
1924,-0.6072654588532967,0.016506574625147995,-0.47429640813108503,-0.11609622649668702,-0.0035823292093684375,-0.02464193986480609,-0.09958965187153902,-0.4778787373404535,-0.005155129776498152
1925,-0.3445816864588526,0.013243847721686585,-0.4040124041502607,-0.021977075901638516,0.038719063170799296,0.02895291571639452,-0.008733228179951931,-0.36529334097946137,0.0004919669841661513
1926,-0.34795708583277574,-0.09041016732006367,-0.1843516287319009,-0.04609704279316461,-0.036882456710104115,0.00861689463205365,-0.13650721011322828,-0.221234085442005,0.0011673150904039035
1927,-0.4409374690253677,-0.09822992518882322,-0.28258885284314944,0.002823762354524152,-0.04315396963754815,-0.026221157349808587,-0.09540616283429906,-0.3257428224806976,0.006432673639437524
1928,-0.47469749294620955,-0.07573489394078425,-0.41171849236629365,-0.04744405029445058,0.023294549252955113,0.0363084501959333,-0.12317894423523483,-0.38842394311333855,0.0005969442064305414
1929,-0.44837220009236717,-0.11589127565864354,-0.4708297604232427,0.028148629675318036,0.11008520046724157,0.004144924063907041,-0.08774264598332551,-0.36074455995600113,-0.004029918216947537
1930,-0.2502049953618698,-0.050505331476014416,-0.27301762356958076,0.026314322748896272,0.0678257211310635,-0.023599779941310177,-0.024191008727118143,-0.20519190243851726,0.0027776957450757964
1931,-0.287674579519037,-0.08049782178200068,-0.3017939512353284,0.0006130923455002337,0.0162813687169207,0.07408300177606725,-0.07988472943650045,-0.28551258251840766,0.0036397306598038304
1932,-0.44888564491659744,-0.14340036562353578,-0.22933448190488295,-0.003441384320214172,-0.03016551152755463,-0.043666808361905805,-0.14684174994374996,-0.25949999343243757,0.0011229068214959267
1933,-0.39539881572471036,0.014082472159354518,-0.5424568488410332,0.13059818302272846,0.03786718460258853,-0.03211139449552497,0.14468065518208298,-0.5045896642384446,-0.003378412172823697
1934,-0.5823044718457181,0.013417296679552201,-0.5487005832559196,-0.0002082991821597648,0.004384443025615535,-0.04515639202510122,0.013208997497392436,-0.5443161402303041,-0.006040937087705277
1935,-0.3283412846644154,-0.02799243535808664,-0.3018832406749661,0.07329694018363543,-0.025458946488494776,-0.045415170074037156,0.04530450482554879,-0.32734218716346086,-0.0008884322524661675
1936,-0.1947876424723254,-0.042180472218713794,-0.2877738928124784,0.06695734839448592,0.06899713704295311,0.009835349824826724,0.024776876175772122,-0.21877675576952527,-0.010623112703398992
1937,-0.4661398784766273,-0.11791915561542854,-0.37669658429368613,-0.00021949783809498374,-0.04064526487288678,0.07194817440063961,-0.11813865345352352,-0.4173418491665729,-0.0026075502571704656
1938,-0.4509277611602134,-0.06167907627117944,-0.580589569362256,0.1296471583305221,0.06639611165113117,0.0018705484837392569,0.06796808205934265,-0.5141934577111249,-0.006572933992170418
1939,-0.7413635241461858,-0.10432232513903211,-0.6278330969882499,-0.043567060844481795,0.03639669496937252,-0.005907156476552183,-0.14788938598351392,-0.5914364020188774,0.0038694203327577503
1940,-0.368116295127708,-0.11427802642411823,-0.6239354917095332,0.23669660882020538,0.14715946296183177,-0.008962290253465312,0.12241858239608715,-0.4767760287477014,-0.0047965585226284226
1941,-0.37666817171200867,-0.08704190126388908,-0.3267352605842383,0.08874262664473409,-0.014622829893798293,-0.03470044494010347,0.0017007253808450085,-0.3413580904780366,-0.002310361674713622
1942,-0.44217527877257884,-0.14171620576443253,-0.32687594278742227,0.055037057415559296,-0.07061797565765698,0.044826266174220177,-0.08667914834887323,-0.39749391844507925,-0.0028284781528465155
1943,-0.5252788551538087,-0.13514226303235344,-0.39692733984679335,-0.07579470918550092,0.06295914435898195,0.01771515659679077,-0.21093697221785435,-0.3339681954878114,0.0019111559550663258
1944,-0.5081964687668727,-0.13603098677419248,-0.3122794993696527,-0.0054127963713919165,-0.018150525450422967,-0.04396936583723575,-0.1414437831455844,-0.33043002482007566,0.007646705036023035
1945,-0.4357176471938648,-0.15230187103376283,-0.5239552227966896,0.24747516824435556,0.09349210764309863,-0.09849599791985415,0.09517329721059273,-0.430463115153591,-0.0019318313310123653
1946,-0.6672919534327548,-0.11997503719976003,-0.4213265086898313,-0.034504257088569586,-0.01431344413075658,-0.0764203206451081,-0.15447929428832963,-0.4356399528205879,-0.0007523856787292199
1947,-0.4130655661790542,-0.06499943779942417,-0.367245257609382,-0.008424448491981068,0.019638431334638468,0.012024109360297196,-0.07342388629140524,-0.3476068262747435,-0.004058962973202695
1948,-0.5603968834075154,-0.10634300383764432,-0.43510908500423223,0.0006108580453488683,0.008803656811552398,-0.020219070211037752,-0.10573214579229545,-0.42630542819267986,-0.008140239211502306
1949,-0.12691845381094433,-0.11691219594077089,-0.25654786849764716,0.12335685374830158,0.09134657057050127,0.037519631109440434,0.006444657807530688,-0.16520129792714588,-0.005681444800769576
1950,-0.8722664130280493,-0.04850102199121434,-0.6484380912474769,-0.07867463536065752,-0.027053534359651715,-0.06639552285517832,-0.12717565735187186,-0.6754916256071286,-0.0032036072138705157
1951,-0.6197947925401832,-0.2286739725975972,-0.6051681410195971,0.127750794686942,0.038145463434206946,0.05193573117700386,-0.10092317791065519,-0.5670226775853902,-0.003784668221141728
1952,-0.7827467381884402,-0.25528528500982794,-0.4815556382289729,-0.06512901271884541,-0.009551416205943736,0.01849110376516953,-0.32041429772867336,-0.49110705443491665,0.010283510209980268
1953,-0.5175034892511664,-0.13021091216909544,-0.5545983591938831,0.14936174074880865,0.03450930833229607,-0.011904854863863671,0.019150828579713203,-0.5200890508615871,-0.0046604121054288315
1954,-0.5493973499388514,-0.19111742820167535,-0.6655353449327442,0.2580783834069626,0.06764768423118725,-0.014774032922344813,0.06696095520528725,-0.597887660701557,-0.0036966115202368057
1955,-0.5444133728450131,-0.18754425821088294,-0.6428815166874092,0.2622125399515928,0.08953322314395003,-0.06537352411271145,0.07466828174070989,-0.5533482935434592,-0.00035983692955234015
1956,-0.851595983674804,-0.29944714344246803,-0.547191796286426,0.04470540957269193,-0.01635205367134215,-0.031296213621788596,-0.2547417338697761,-0.5635438499577682,-0.0020141862254712123
1957,-0.6796850113528942,-0.16587383421548735,-0.5304747565694526,0.09644314826735638,-0.043171594260066656,-0.030079648717608865,-0.06943068594813097,-0.5736463508295193,-0.0065283258576350305
1958,-0.8688803049210059,-0.18920710302369437,-0.693156539301761,-0.0513458086755518,0.0630011744715561,-0.0022953728240359995,-0.24055291169924617,-0.630155364830205,0.0041233444324812775
1959,-0.8709104021941896,-0.24893733657439104,-0.4728570754524562,-0.09669462687498197,-0.03929382482961976,-0.019738564577708454,-0.345631963449373,-0.512150900282076,0.006611026114967836
1960,-0.7367033202028073,-0.22337324356591248,-0.6604399141151266,0.11962609889288171,0.07429279866525408,-0.041463786515427065,-0.10374714467303077,-0.5861471154498725,-0.005345273564476866
1961,-0.9386741334326489,-0.2027902186635047,-0.6563787534658879,0.06158279438246394,-0.04059621323321611,-0.10106243082783255,-0.14120742428104074,-0.6969749666991041,0.000570688375328407
1962,-0.8091943197739917,-0.21097623294687884,-0.6855842934905911,0.10309867629343851,-0.01673082663008786,0.0034255433577062367,-0.10787755665344033,-0.702315120120679,-0.0024271863575786113
1963,-0.9092094400999543,-0.23982786387815297,-0.736667668801816,0.04757358880227756,0.034041709295099816,-0.010862654089087088,-0.19225427507587542,-0.7026259595067161,-0.003466551428275632
1964,-0.9246919111416388,-0.26570798101066423,-0.7686193847326924,0.09695729471564397,0.01139779924478074,-0.0048853391771665165,-0.16875068629502027,-0.7572215854879116,0.006165699818459516
1965,-0.9853069204280119,-0.30724018046709956,-0.6014325318409989,-0.013353821339767737,-0.05864674099429613,-0.006739729456729306,-0.3205940018068673,-0.660079272835295,0.0021060836708796235
1966,-0.9595876046112218,-0.24761457828580652,-0.9664803121455371,0.1807109805889103,0.07684995999682709,0.0009133936284413636,-0.06690359769689622,-0.88963035214871,-0.003967048394056951
1967,-1.0791636652084318,-0.2642544472224581,-0.7935112499969251,0.07096007996026032,-0.06439573884762259,-0.030471269519706187,-0.19329436726219779,-0.8579069888445477,0.0025089604180200085
1968,-1.166476733043572,-0.34326424647301784,-0.7856229566789844,0.028800261802436396,0.009191067000318279,-0.07514875940792692,-0.31446398467058145,-0.7764318896786662,-0.0004320992863973694
1969,-1.1770693956043528,-0.28863619968055315,-0.8831127273702174,0.05723791182815209,-0.0212580993980969,-0.03778105496060962,-0.23139828785240107,-0.9043708267683143,-0.0035192260230278508
1970,-0.8577479793571836,-0.275775655856507,-0.9093019076893164,0.2396538722653747,0.13925189507170302,-0.04225333681783202,-0.03612178359113227,-0.7700500126176134,-0.009322846330605906
1971,-1.0839596128522349,-0.3218601669037123,-0.8089651160685007,0.11797341024862051,-0.04486181853913495,-0.020667443330557127,-0.20388675665509176,-0.8538269346076357,-0.005578478258950321
1972,-0.9897593711593424,-0.36319546091999383,-0.8306558626661033,0.1829649002485905,0.0807946598550109,-0.05136991313441532,-0.18023056067140333,-0.7498612028110924,-0.008297694542431434
1973,-1.0929508698472952,-0.3994214682920022,-0.7789339339374136,0.16138937341718648,-0.04624807186821678,-0.02550313678956568,-0.23803209487481572,-0.8251820058056304,-0.004233632377283407
1974,-1.0040960612706287,-0.3384484215117975,-0.8725235588144972,0.16774310275337248,0.06528655160200267,-0.01832279968777899,-0.170705318758425,-0.8072370072124945,-0.007830935611930222
1975,-1.0291839880753504,-0.2880183545074834,-0.927161450184092,0.3074756013553227,-0.018547537786594116,-0.09381531308978325,0.019457246847839282,-0.9457089879706861,-0.009116933862720333
1976,-1.151886362520369,-0.4183787537349799,-0.8278688494304453,0.2646860845267452,-0.09638212086145896,-0.07246819756276499,-0.1536926692082347,-0.9242509702919042,-0.0014745254574650979
1977,-1.0428977993850623,-0.40820180155420066,-0.9067977389369394,0.26652054328662217,0.012686205387547247,-0.003173505724341174,-0.1416812582675785,-0.8941115335493921,-0.003931501843750563
1978,-0.9755664663839253,-0.35549978659549913,-0.7924592326634115,0.1935206947360342,-0.008741241360561315,-0.008918817321796177,-0.16197909185946494,-0.8012004740239728,-0.0034680831786914525
1979,-1.2340773527862787,-0.31406996633284096,-0.9843700031329005,0.13665630136875873,-0.06417796662740283,-0.0013930810604071387,-0.17741366496408223,-1.0485479697603033,-0.006722637001486013
1980,-1.3719814595264184,-0.36885411562960896,-1.0033956527333245,0.030125248864890528,0.015301172188213964,-0.042536162496350276,-0.3387288667647184,-0.9880944805451106,-0.00262194972023911
1981,-0.8735413658349979,-0.2743416886100447,-0.8878339738492279,0.3095454392325646,0.05689683756025387,-0.07595870509357633,0.0352037506225199,-0.830937136288974,-0.0018492750749674047
1982,-1.313292195383867,-0.3581955250626012,-0.9668167876837482,0.06536713547504447,-0.060589173560724366,0.0004421734177417627,-0.29282838958755675,-1.0274059612444726,0.006499982030420583
1983,-0.914490926795439,-0.3060337319616542,-0.9628563068892007,0.23434322191674078,0.1340335954368604,-0.01126763062765165,-0.07169051004491339,-0.8288227114523403,-0.0027100746705336666
1984,-1.1162931528512028,-0.26717614151877006,-0.8300866291789496,0.07947316132804906,-0.020560473813240426,-0.0721563257392452,-0.187702980190721,-0.85064710299219,-0.005786743929046476
1985,-0.9148247239800666,-0.2131783480062673,-0.83521947031969,0.16600663202666657,-0.006077368394125241,-0.023383369576029375,-0.04717171597960074,-0.8412968387138152,-0.002972799710621258
1986,-1.1182514981778988,-0.28941118238345753,-0.9099636686719599,0.1225180207710439,-0.06966077315155948,0.028816659308706163,-0.16689316161241363,-0.9796244418235194,-0.0005505540506719718
1987,-1.1174758208683537,-0.2842092657739035,-1.0065133076414603,0.2323941562740704,0.0034038675020728573,-0.055294892633615075,-0.05181510949983309,-1.0031094401393874,-0.007256378595518101
1988,-1.0151485899681347,-0.17054390823758028,-0.9836738591803708,0.1747955566439407,0.0011809656702944178,-0.02557903262007142,0.004251648406360414,-0.9824928935100763,-0.011328312244347404
1989,-1.1488353173999695,-0.18221180827973346,-1.127620833043398,0.20831217393312337,-0.009755352681391867,-0.03472901460549355,0.026100365653389912,-1.13737618572479,-0.002830482723075789
1990,-0.8134302696152645,-0.2228788854370235,-0.8590233270667527,0.3265647577310597,0.013979077533171546,-0.06311239897790848,0.1036858722940362,-0.8450442495335811,-0.008959493397811172
1991,-0.9001840859352543,-0.25032987179480715,-0.9616569936032511,0.33374761425148036,0.06428331071867283,-0.08483358050449825,0.08341774245667322,-0.8973736828845782,-0.0013945650028511086
1992,-1.1912508389436531,-0.2644521093512169,-1.0953118686552854,0.11947994220634163,0.033943386576421215,0.015465478620609664,-0.14497216714487526,-1.0613684820788643,-0.0003756683405233951
1993,-0.935895787706572,-0.1944478320464522,-0.94222609197412,0.19975312962933825,0.025501486265134304,-0.019647527574235744,0.005305297582886059,-0.9167246057089857,-0.004828952006236644
1994,-1.1750023740949889,-0.18643705621828893,-0.8122493425324094,-2.5474249380697262e-05,-0.13736022400159173,-0.03629354170670658,-0.18646253046766964,-0.9496095665340012,-0.002636735386611397
1995,-1.3835714693399934,-0.17615830592041776,-1.1427219462561045,-0.06215364776878085,0.006947350649089512,-0.009059079707918203,-0.2383119536891986,-1.1357745956070149,-0.0004258403358616738
1996,-1.0763654029592555,-0.1547743655829873,-0.9201448388823495,0.06188086498119043,-0.0599362763318436,0.0012547517098820788,-0.09289350060179687,-0.9800811152141932,-0.00464553885314754
1997,-0.8901217727989402,-0.09844415174780446,-0.8456527635612693,0.1599563410426728,-0.10434661816836877,0.008665497120624468,0.06151218929486835,-0.949999381729638,-0.010300077484794992
1998,-0.8890352412858931,0.010545512261401083,-1.076448925490476,0.15533404603828005,-0.058358302507323136,0.07961973680516908,0.16587955829968112,-1.1348072279977992,0.000272691607056022
1999,-0.9025544927529547,-0.04425662931450538,-0.9826822277986895,0.21696591982783842,-0.017063490806488876,-0.07037045822902091,0.17270929051333303,-0.9997457186051784,-0.00514760643208842
2000,-0.8234523269492395,-0.0863922136186969,-0.8387229239051219,0.1631449798622345,-0.04335992643071225,-0.01233861973708184,0.0767527662435376,-0.8820828503358342,-0.005783623119861131
2001,-1.0598114755591095,-0.16812175644935495,-0.8534160905453765,0.09503119811294905,-0.02057482235054838,-0.11081401298896122,-0.0730905583364059,-0.8739909128959249,-0.001915991337817488
2002,-1.206360975942959,-0.2846891340388451,-0.731107609070854,0.06772661474829805,-0.22616531539916376,-0.027120898659093458,-0.21696251929054705,-0.9572729244700178,-0.005004633523300654
2003,-1.0319916605738988,-0.01716759317994837,-0.9410456236181169,0.03441483188881095,-0.1683187599360295,0.05898578492087654,0.017247238708862578,-1.1093643835541465,0.0011396993505084357
2004,-1.0805631828358395,-0.07857289061065227,-1.0375938835452876,0.1446533643901729,-0.04701966895118393,-0.05217773277691742,0.06608047377952063,-1.0846135524964715,-0.009852371341971235
2005,-1.0425085906743492,-0.07741517544092422,-1.1281737321853458,0.17893377949562891,-0.049525569597455556,0.03795251058172215,0.1015186040547047,-1.1776993017828012,-0.004280403527974805
2006,-1.2311208203715587,-0.06510050354673375,-1.0032012732570914,-0.07901710649197421,-0.11530423556779922,0.027736865277458278,-0.14411761003870796,-1.1185055088248905,0.003765433214581615
2007,-1.1270445473340154,-0.023667837862765224,-0.9451510988652336,-0.0793395000591853,-0.1085792394085862,0.025480313574783888,-0.10300733792195052,-1.05373033827382,0.004212815286971126
2008,-0.8184001052893803,-0.016756442431334163,-0.8630086432596313,0.032568412852398865,-0.032130902841088584,0.06606939303148378,0.015811970421064702,-0.8951395461007199,-0.005141922641208982
2009,-1.117472455627838,0.03572665156466749,-0.9597384578928619,-0.11631083955217593,-0.11460541382987761,0.03823230329207539,-0.08058418798750844,-1.0743438717227396,-0.000776699209665277
2010,-0.7216779572711399,0.09072005125745573,-0.9354512181414525,0.12862974750958245,-0.05204296537257488,0.05014530805819138,0.2193497987670382,-0.9874941835140274,-0.0036788805823421006
2011,-0.9487881263591122,0.10082545229383166,-0.9503481596137294,0.02787610457252615,-0.13331093441145087,0.006502559540881209,0.1287015568663578,-1.0836590940251802,-0.00033314874117109164
2012,-0.682037928150724,0.1251126895685463,-0.7130112396473895,0.06485506755728516,-0.17216510625911413,0.020180537413785553,0.18996775712583147,-0.8851763459065036,-0.007009876783837347
2013,-0.9768068487304524,0.0904179559510577,-1.0189169844543646,-0.05277732853594339,-0.06665375787118227,0.07528995183247521,0.03764062741511431,-1.085570742325547,-0.004166685652494881
2014,-1.0883171105776313,0.0691718917202033,-0.9305920992447363,-0.06126250683590626,-0.13057123907830148,-0.02983070429335715,0.007909384884297037,-1.0611633383230377,-0.005232452845533482
2015,-0.9401758430400811,0.10709680167116156,-0.9900650623187282,0.0749529649266032,-0.1284580966862084,0.0088362825391248,0.18204976659776476,-1.1185231590049365,-0.012538733172034104
2016,-0.6070075976894906,0.15454834624493197,-0.664016293049691,0.019884540369266377,-0.12343233203876236,0.005421482771661459,0.17443288661419834,-0.7874486250884534,0.0005866580131029565
2017,-0.9831064202846471,0.18626670936399015,-1.0923225186224377,-0.003065043608398132,-0.04479231169020666,-0.02189106805310365,0.18320166575559202,-1.1371148303126444,-0.007302187674491031
2018,-0.8538040423283563,0.17022924746163284,-0.9486825760518284,-0.01869303908486007,-0.06329887682596384,0.01966950400612561,0.15153620837677279,-1.0119814528777922,-0.013028301833462437
2019,-0.8327222325985111,0.12564336420433955,-1.0102142745113534,0.09349045060587738,-0.0625356020604027,0.04413487978537571,0.21913381481021693,-1.072749876571756,-0.023241050622347645
2020,-0.6659002807457214,0.19309542805410307,-1.05670578214181,0.20509762393524358,0.013230835211156767,-0.015144701429161533,0.3981930519893466,-1.0434749469306532,-0.005473684375253352
2021,-0.5808287678684562,0.15395615164338777,-0.6451383124029928,0.11995193061719553,-0.19289585241742496,-0.012572364422802913,0.2739080822605833,-0.8380341648204177,-0.004130320885818821
2022,-1.0108520561753531,0.14092542319586543,-0.9145467938626379,-0.07365643985010072,-0.17486703135919826,0.01212842287825866,0.06726898334576471,-1.0894138252218362,-0.000835637177540316
2023,-0.6003279736682253,0.14658235461484526,-0.9177084735911475,0.13170032536267895,0.05206972592396084,-0.00493669169931131,0.2782826799775242,-0.8656387476671866,-0.008035214279251593
2024,-0.8386079027364393,0.08251482264139313,-0.8651688423416614,-0.009394308912561477,-0.03714747219054284,-0.0027158324517027477,0.07312051372883166,-0.9023163145322042,-0.006696269481363993
2025,-0.9018479875951668,0.13051591395803702,-0.8006815934854508,-0.07191402873227118,-0.20402996384644623,0.044300112646221176,0.05860188522576584,-1.004711557331897,-3.8428135256826645e-05
2026,-0.6855326978193073,0.13531243240314894,-0.8451027937401785,0.05917271957564764,0.01980634406124471,-0.04483799639603045,0.19448515197879657,-0.8252964496789338,-0.009883403723139589
2027,-0.8667221972116143,0.08825715933469022,-0.9153080657870485,0.05977786395871863,-0.11780397472008475,0.02030728467894792,0.14803502329340884,-1.0331120405071332,-0.0019524646768377257
2028,-0.7763531452988373,0.10357755328168472,-0.8963520714589622,0.1635875052687667,-0.06731274767730466,-0.07611378998481873,0.2671650585504514,-0.9636648191362669,-0.003739594728203108
2029,-0.8285275777238783,0.12442718534953973,-0.8440698408872643,-0.02203690721152729,-0.09074371084376955,0.011021392013524586,0.10239027813801244,-0.9348135517310339,-0.007125696144381407
2030,-0.6984562682212537,0.09906653290812657,-0.9837063313069726,0.12493920132713626,0.07619168530298406,-0.008715830980087267,0.22400573423526282,-0.9075146460039886,-0.006231525472440715
2031,-0.7133516551168568,0.10976885441581367,-0.8074127029108773,0.03804994358152133,-0.07399107441876633,0.020979564146026967,0.147818797997335,-0.8814037773296436,-0.0007462399305752029
2032,-0.5779476326366058,0.07407660915700721,-0.6792404456301321,0.11719339486997911,-0.10182819100379326,0.017943881749194774,0.19127000402698632,-0.7810686366339253,-0.006092881778861543
2033,-0.6304708312861509,0.014163886809252665,-0.6791915362335227,0.16036925572147165,-0.12032814622575883,-0.005508492887526708,0.17453314253072433,-0.7995196824592815,2.4201529932945352e-05
2034,-0.6667927487280652,0.07088613826374883,-0.5779326775367566,0.08556463960053404,-0.22426962598262204,-0.014915233566554099,0.15645077786428285,-0.8022023035193786,-0.006125989506415307
2035,-0.5538762974932353,0.12819815144171826,-0.4887815503665961,0.0097195333563974,-0.163399335053826,-0.025104171570722755,0.13791768479811567,-0.6521808854204221,-0.014508925300206199
2036,-0.7187996637237842,0.03915769013912024,-0.7054074037298409,0.031064053890802645,-0.08181148040504586,0.005840407385294385,0.07022174402992289,-0.7872188841348867,-0.007642931004114769
2037,-0.634615008863594,0.021392930674756824,-0.5757594738815426,0.11910722725018978,-0.18042872527069276,-0.01583308463495157,0.1405001579249466,-0.7561881991522353,-0.0030938830013537318
2038,-0.48104410558169136,0.07530676680756877,-0.6539640356182971,0.21131455378643782,-0.10435254745082083,-0.005780776866062529,0.2866213205940066,-0.7583165830691179,-0.0035680662405174896
2039,-0.4917947500850808,-0.007402735355160526,-0.46600047424348423,0.06013353628387027,-0.09734627653245699,0.02545530996565197,0.05273080092870974,-0.5633467507759412,-0.006634110203501284
2040,-0.5221046731524188,0.11750111729097697,-0.7435172361594679,0.18030115880577724,-0.03394105982945091,-0.03358028464877457,0.2978022760967542,-0.7774582959889188,-0.008868368611479695
2041,-0.46137056028153006,0.1692290739599361,-0.7198202300580294,0.034715138016366866,0.036867335517270006,0.026416247762971645,0.20394421197630297,-0.6829528945407595,-0.00877812548004515
2042,-0.6350946210824594,0.15602605525211058,-0.8131055691489089,0.010431452877045088,0.0402817500872737,-0.016534830330972427,0.16645750812915566,-0.7728238190616351,-0.01219347981900747
2043,-0.5918245801872974,0.05686655172360661,-0.6644822842296749,0.14341099692106568,-0.06027840569686144,-0.06604668713637618,0.2002775486446723,-0.7247606899265364,-0.0012947517690571342
2044,-0.509361305975756,0.11619690625031522,-0.7085326261869966,0.10077353400979261,-0.014403887784464248,0.0002881016909827594,0.2169704402601078,-0.7229365139714609,-0.0036833339553857293
2045,-0.40768904232765224,0.15175708041693128,-0.6155345703716313,-0.007361819944820584,0.09064852550907956,-0.02169111677928945,0.1443952604721107,-0.5248860448625517,-0.005507141157921752
2046,-0.6600685878803902,0.05445693485909357,-0.6886882071699055,-0.0877346028093381,0.02688176102518389,0.041454183021815756,-0.03327766795024453,-0.6618064461447216,-0.0064386568072398245
2047,-0.3964876265159899,0.08757009581922075,-0.5681015323844494,0.08980276631587329,0.04346917807542803,-0.03971853344817648,0.17737286213509404,-0.5246323543090213,-0.009509600893886153
2048,-0.5612855581364005,0.10367358850527597,-0.6577115680205017,0.09014330816405075,-0.007771801162019463,-0.08745670019198556,0.19381689666932672,-0.6654833691825212,-0.0021623854312205204
2049,-0.3405851282025827,0.0808488888410217,-0.4997298525737217,0.04026383471134478,0.05909735851682952,-0.013451217567721033,0.12111272355236649,-0.4406324940568922,-0.007614140130335919
2050,-0.7330516637901657,0.03515161163773832,-0.5778648982098584,-0.06827770173326775,-0.12091521143752537,-0.0029730838290785446,-0.03312609009552943,-0.6987801096473838,0.00182761978182608
2051,-0.643554336760907,0.05179931549487446,-0.4893777122629658,-0.15183626103313524,-0.10009660902899857,0.05045820304808519,-0.10003694553826079,-0.5894743212919643,-0.004501272978767075
2052,-0.6310631613870882,0.0680776604328432,-0.773361969877203,0.09766740175495126,-0.047705470874128506,0.020889532271073902,0.16574506218779445,-0.8210674407513314,0.0033696849053749534
2053,-0.9076418521420055,0.02317027601056466,-0.7696176810020943,-0.009216839502765964,-0.12312111284520914,-0.027460822505156694,0.013953436507798697,-0.8927387938473034,-0.0013956722973441603
2054,-0.42884296048975307,0.06943262229783576,-0.6076072335470617,0.051957191933986964,-0.038982494128357345,0.09740416044320725,0.12138981423182271,-0.646589727675419,-0.0010472074893640854
2055,-0.5569544984957661,0.12055016766156024,-0.7517199646660301,0.016057361770487805,0.045875883929813045,0.02373513031080227,0.13660752943204804,-0.7058440807362171,-0.01145307750239927
2056,-0.5964641495563593,0.07062991399305743,-0.7308645745074954,0.036451452376732175,0.06810636090740159,-0.029199516673622663,0.1070813663697896,-0.6627582136000938,-0.011587785652432434
2057,-0.6765258997626695,-0.026067625680734084,-0.6404630269104445,0.026055276117794856,0.002942810796078304,-0.0306386751302358,-1.2349562939228259e-05,-0.6375202161143663,-0.008354658955128186
2058,-0.49157488023709456,0.048681061970528586,-0.47398867267869843,-0.001733256477574752,-0.06669383657525667,0.008431697701593804,0.04694780549295383,-0.5406825092539551,-0.0062718741776870476
2059,-0.816114605708164,0.07403427136509726,-0.873347449949503,-0.14221595880745527,0.08565833569925761,0.03195553497530032,-0.06818168744235802,-0.7876891142502453,0.007800661009139037
2060,-0.6869580930765539,0.04333891717728595,-0.5905433905400364,-0.004301183467800385,-0.0706149978178523,-0.06673351362294623,0.03903773370948556,-0.6611583883578886,0.001896075194795413
2061,-0.2901585792472938,0.09876326536264786,-0.5652683362681501,0.10259414010718823,0.01255950185025184,0.06779958435049292,0.2013574054698361,-0.5527088344178983,-0.006606734649724541
2062,-0.5905251909531262,-0.04974666079371992,-0.5672624151736242,-0.008579340222623627,0.05827884754875174,-0.023020867983657312,-0.05832600101634355,-0.5089835676248724,-0.00019475432825289893
2063,-0.6320146205263675,0.003575676960394895,-0.6629129280532515,0.00986880374908221,0.04711128871620254,-0.02602098995140948,0.013444480709477106,-0.615801639337049,-0.0036364719473861093
2064,-0.40956251646533265,0.10125924216778384,-0.5668012664657807,0.006700808901924867,0.06153894163611412,-0.003537178064854699,0.10796005106970871,-0.5052623248296666,-0.008723064640520035
2065,-0.26753266880306037,-0.017863782558116274,-0.4893058177720663,0.20218910213090144,0.04499728910300997,-0.0004514645463625072,0.18432531957278517,-0.4443085286690563,-0.0070979951604267675
2066,-0.36329047282316057,0.014660647279043402,-0.5536150771765476,0.050935973659387165,0.08099678959836794,0.04747861534113293,0.06559662093843056,-0.47261828757817964,-0.0037474215245444087
2067,-0.691023342467772,-0.11823569609101248,-0.635323771334282,0.16689499053641374,-0.0653502688355821,-0.028648978694451058,0.04865929444540126,-0.7006740401698641,-0.010359618048858085
2068,-0.6183318891275457,-0.003714277660173867,-0.5335792512046414,-0.020570235821386673,-0.0769228961607675,0.024921316489210376,-0.024284513481560542,-0.610502147365409,-0.008466544769786487
2069,-0.41334533571700643,-0.024723873753323286,-0.4931480808149184,0.13813707702614603,0.006742182374573613,-0.03839768322479204,0.11341320327282274,-0.48640589844034476,-0.0019549573246923566
2070,-0.5324814163516586,-0.04047079465769144,-0.509094447346788,0.048187943414010906,-0.02046435983324167,-0.012714275678887126,0.0077171487563194655,-0.5295588071800297,0.002074517750938769
2071,-0.32794098065736194,-0.040062631320787655,-0.5171329114731499,0.27267734453122444,-0.031320968799319795,-0.008672454176537343,0.23261471321043678,-0.5484538802724697,-0.0034293594187916818
2072,-0.4943406648491719,0.059343164202361715,-0.4728777794187263,-0.05571620251588891,-0.006314433218191571,-0.010751820225472239,0.003626961686472807,-0.47919221263691786,-0.008023593673254595
2073,-0.7010354530952517,-0.10661085288503036,-0.6552954060868544,0.011650004918353073,0.020975751581950572,0.033419497431371153,-0.09496084796667728,-0.6343196545049039,-0.005174448055041719
2074,-0.6677625240810456,-0.1430568015208539,-0.5132018393579386,0.19854597318651726,-0.10787785508040051,-0.09761411239621091,0.05548917166566336,-0.6210796944383391,-0.004557888912158983
2075,-0.38757090646536474,-0.11313203634865003,-0.22058978126580994,-0.043380648482590316,-0.02945620659185347,0.024097604736643876,-0.15651268483124034,-0.2500459878576634,-0.005109838513104866
2076,-0.35505139485391474,-0.01994574232945818,-0.5076358024167386,0.20342409763127348,0.0677181146519529,-0.08465392283891211,0.1834783553018153,-0.4399176877647857,-0.01395813955203222
2077,-0.6360440138277342,-0.09071154982152195,-0.4101508689518762,-0.07708132668467987,0.023241688350293138,-0.07952853095668928,-0.16779287650620184,-0.3869091806015831,-0.001813425763260032
2078,-0.4371904142300327,-0.1523977754000739,-0.3042351309080232,0.0689785775276014,-0.05413361107883102,0.008273629554407047,-0.0834191978724725,-0.3583687419868542,-0.0036761039251130504
2079,-0.3362872835409471,-0.10027926224931154,-0.4587662989395539,0.1804034091254729,0.04141618584697148,0.0036219455786760217,0.08012414687616136,-0.4173501130925824,-0.0026832629032020987
2080,-0.6113922678051913,-0.08146274263417945,-0.6682636289474709,0.18215718203816939,0.05184738549623618,-0.09290756681265526,0.10069443940398994,-0.6164162434512348,-0.0027628969452911517
2081,-0.3520253112265772,-0.03023626563411406,-0.46284650655553067,0.03597309275123817,0.11904554910134332,-0.012172501972142286,0.0057368271171241055,-0.3438009574541874,-0.0017886789173716389
2082,-0.4747730588977993,-0.14427798166081587,-0.5279187192248844,0.20885620744741346,0.0020454640516148308,-0.008022165366102245,0.06457822578659758,-0.5258732551732695,-0.005455864145025064
2083,0.016301168908036144,-0.013243756486517003,-0.19716854343084395,0.16968111760757756,0.0848786676734221,-0.02631882159356389,0.15643736112106055,-0.11228987575742184,-0.00152749486203866
2084,-0.5251249618880874,-0.05281613777626241,-0.5335173132279211,-0.004574990040296961,0.06408794083963525,0.0018062416077609398,-0.05739112781655937,-0.4694293723882858,-0.00011070329100321217
2085,-0.542819646931495,-0.09392128347052754,-0.45662038975324754,0.09885801268948885,0.00799415118163962,-0.09498682562976375,0.004936729218961308,-0.44862623857160794,-0.004143311949084558
2086,-0.4949766592907869,-0.16018342880903724,-0.4657269867197137,0.12720825027848215,-0.02765104743825638,0.029543109247327046,-0.032975178530555094,-0.49337803415797005,0.0018334441504112148
2087,-0.5906907005351374,-0.1357411951423865,-0.5439087067840324,0.011550182950790749,0.08187964782139369,1.833902228692252e-05,-0.12419101219159576,-0.4620290589626387,-0.004488968403189846
2088,-0.5807943541693661,-0.12132248799394671,-0.4676857367604044,0.01876305568819875,-0.0020854633790877344,-0.01111578083511811,-0.10255943230574796,-0.46977120013949214,0.002652059110992094
2089,-0.19628142117169517,-0.09693759287778075,-0.30767230461079154,0.23014411497653972,0.04845515433594864,-0.06559179800288696,0.13320652209875897,-0.2592171502748429,-0.004678994992724325
2090,-0.49612739084047863,-0.15087002012030382,-0.44409412603895393,-0.032202564139524235,-0.0170774857735127,-0.042188235433166035,-0.18307258425982806,-0.46117161181246663,0.1903050406649821
2091,-0.5002057669309286,-0.10484502165709454,-0.2902789716356054,0.05169547101528477,-0.1298838072167699,-0.01776765375462478,-0.05314955064180977,-0.4201627788523753,-0.009125783682118714
2092,-0.48990296697006486,-0.23391249670589284,-0.3125260281897966,0.10595159071240874,-0.02586716477585012,-0.02212894335581007,-0.1279609059934841,-0.3383931929656467,-0.001419924655124017
2093,-0.5502559107692598,-0.11713742608724456,-0.5611859725232058,0.11681614204025763,0.014160276693569923,0.002935138541991848,-0.00032128404698693325,-0.5470256958296359,-0.005844069434628844
2094,-0.7517681225173544,-0.22405080990236778,-0.5185382531645714,-0.0017212441553960656,-0.013735986864226642,0.0052564470159316605,-0.22577205405776385,-0.532274240028798,0.001021724553275742
2095,-0.37560202988854546,-0.16977504487911144,-0.27404689174306013,0.11318333102126563,-0.05228998765870247,0.015217131215486544,-0.05659171385784581,-0.3263368794017626,-0.007890567844423577
2096,-0.41549533844536585,-0.09422827382686318,-0.5570699855316046,0.09236013886094963,0.15702830368843385,-0.00702840744684792,-0.001868134965913551,-0.40004168184317074,-0.006557114189433652
2097,-0.4296402131311122,-0.12407009154716048,-0.3609772568137368,0.03377921003844123,-0.04638263208069846,0.06738983641524864,-0.09029088150871925,-0.4073598888944353,0.000620720856793669
2098,-0.5226016490812762,-0.12222646857364902,-0.34328393375354477,-0.027099064883708335,-0.02134580316269203,-0.013671242776453577,-0.14932553345735736,-0.3646297369162368,0.005024864068771543
2099,-0.5502897889120154,-0.16484610332972907,-0.5471300497738024,0.016408065175033647,0.07805252567741738,0.06993473292290167,-0.14843803815469542,-0.46907752409638503,-0.0027089595838366287
2100,-0.5341740051809589,-0.15805353855391477,-0.5187465829148619,0.07089451218682721,0.023552296806487204,0.057688596908625774,-0.08715902636708756,-0.4951942861083747,-0.009509289614122458
