year,volcanic_erf
-499.5,0.201148896
-498.5,0.20081829
-497.5,0.200292373
-496.5,0.200096862
-495.5,0.200030326
-494.5,0.200007933
-493.5,0.200000407
-492.5,0.199997878
-491.5,0.199997028
-490.5,0.19999674
-489.5,-1.377290078
-488.5,-0.89013141
-487.5,-0.191680991
-486.5,0.067269222
-485.5,-0.011607022
-484.5,0.069634638
-483.5,0.153511494
-482.5,0.184259188
-481.5,0.194704653
-480.5,0.19821872
-479.5,0.199399377
-478.5,0.199795981
-477.5,0.199929205
-476.5,-0.421826189
-475.5,-0.229737418
-474.5,0.045601847
-473.5,0.147677204
-472.5,0.182401197
-471.5,0.194085165
-470.5,0.19801084
-469.5,0.199329555
-468.5,0.199772526
-467.5,0.199921328
-466.5,0.199971313
-465.5,0.1999881
-464.5,0.199993742
-463.5,-1.350236998
-462.5,-0.871412658
-461.5,-0.184946828
-460.5,0.069551454
-459.5,0.156126901
-458.5,0.185257928
-457.5,0.195045605
-456.5,0.198333497
-455.5,0.19943794
-454.5,0.199808934
-453.5,0.199933559
-452.5,0.199975419
-451.5,0.199989488
-450.5,0.19999421
-449.5,0.19999579
-448.5,0.199996321
-447.5,0.199996502
-446.5,0.199996571
-445.5,0.199996587
-444.5,0.199996587
-443.5,0.199996587
-442.5,0.199996587
-441.5,0.199996587
-440.5,0.199996587
-439.5,0.199996587
-438.5,0.199996587
-437.5,0.199996587
-436.5,0.199996587
-435.5,0.199996587
-434.5,0.199996587
-433.5,0.199996587
-432.5,-0.845301364
-431.5,-0.522442866
-430.5,-0.059568081
-429.5,0.112038329
-428.5,-0.023682842
-427.5,0.055946137
-426.5,0.148475501
-425.5,0.182547643
-424.5,-8.664973916
-423.5,-6.303495733
-422.5,-2.24675671
-421.5,-0.630984782
-420.5,-0.079552465
-419.5,0.106074226
-418.5,0.168446197
-417.5,0.189398428
-416.5,0.196436551
-415.5,0.198800735
-414.5,0.19959489
-413.5,0.199861664
-412.5,0.199951271
-411.5,0.199981377
-410.5,0.199991485
-409.5,0.199994876
-408.5,0.199996017
-407.5,0.199996403
-406.5,0.199996535
-405.5,0.199996581
-404.5,0.199996587
-403.5,0.199996587
-402.5,0.199996587
-401.5,0.199996587
-400.5,0.199996587
-399.5,0.199996587
-398.5,0.199996587
-397.5,0.199996587
-396.5,0.199996587
-395.5,0.199996587
-394.5,-0.680750875
-393.5,-0.408555957
-392.5,-0.018638897
-391.5,0.125908091
-390.5,-2.180480779
-389.5,-1.436382091
-388.5,-0.387742046
-387.5,0.00083869
-386.5,0.133018616
-385.5,0.17749438
-384.5,0.192437687
-383.5,-0.044643733
-382.5,0.031863833
-381.5,0.139611258
-380.5,0.179534808
-379.5,0.193115181
-378.5,0.197684696
-377.5,0.199219993
-376.5,0.199735725
-375.5,0.199908965
-374.5,-0.010823158
-373.5,0.054334957
-372.5,0.147665249
-371.5,0.182263306
-370.5,0.194032771
-369.5,0.197992969
-368.5,0.199323548
-367.5,0.199770511
-366.5,0.199920645
-365.5,0.199971086
-364.5,0.199988028
-363.5,0.199993719
-362.5,0.19999563
-361.5,0.199996273
-360.5,-0.196406161
-359.5,-0.073974975
-358.5,0.10155924
-357.5,0.166639223
-356.5,0.188778241
-355.5,0.196227624
-354.5,-2.002431507
-353.5,-1.321727651
-352.5,-0.346734116
-351.5,0.014727127
-350.5,-0.064757632
-349.5,0.039182899
-348.5,0.142709719
-347.5,0.180604716
-346.5,0.193475889
-345.5,0.197805915
-344.5,-0.795979719
-343.5,-0.488087741
-342.5,-0.047216982
-341.5,0.116224014
-340.5,0.171823246
-339.5,0.190531341
-338.5,0.196817043
-337.5,-0.087001294
-336.5,0.002074604
-335.5,0.128897275
-334.5,0.175903684
-333.5,0.191893978
-332.5,0.197274409
-331.5,0.199082162
-330.5,0.199689428
-329.5,-0.111081432
-328.5,-0.014906126
-327.5,-0.674275803
-326.5,-0.377020713
-325.5,-0.006714474
-324.5,-0.683968445
-323.5,-0.385969077
-322.5,-0.009973367
-321.5,0.128868313
-320.5,0.176076714
-319.5,0.19196042
-318.5,0.197297111
-317.5,0.199089807
-316.5,0.199691986
-315.5,0.199894275
-314.5,0.199962231
-313.5,0.19998506
-312.5,0.199992721
-311.5,0.199995287
-310.5,0.199996157
-309.5,0.199996449
-308.5,0.19999655
-307.5,0.199996584
-306.5,0.199996587
-305.5,0.199996587
-304.5,0.199996587
-303.5,0.199996587
-302.5,0.199996587
-301.5,0.199996587
-300.5,0.199996587
-299.5,-0.394821066
-298.5,-0.210992718
-297.5,-0.314986068
-296.5,-0.103843415
-295.5,0.091984595
-294.5,0.163443655
-293.5,0.18770576
-292.5,0.195867409
-291.5,0.198609536
-290.5,0.19953067
-289.5,0.199840085
-288.5,0.199944023
-287.5,0.199978932
-286.5,0.199990659
-285.5,0.199994599
-284.5,0.199995923
-283.5,0.199996363
-282.5,0.19999652
-281.5,0.199996576
-280.5,0.199996587
-279.5,0.199996587
-278.5,0.199996587
-277.5,0.199996587
-276.5,0.199996587
-275.5,0.199996587
-274.5,0.199996587
-273.5,0.199996587
-272.5,0.199996587
-271.5,0.199996587
-270.5,0.199996587
-269.5,0.199996587
-268.5,0.199996587
-267.5,0.199996587
-266.5,0.199996587
-265.5,0.199996587
-264.5,0.199996587
-263.5,0.199996587
-262.5,0.199996587
-261.5,0.199996587
-260.5,0.199996587
-259.5,0.199996587
-258.5,0.199996587
-257.5,0.199996587
-256.5,0.199996587
-255.5,0.199996587
-254.5,0.199996587
-253.5,-0.451172295
-252.5,-0.249928545
-251.5,0.038351425
-250.5,0.145220283
-249.5,0.181574889
-248.5,0.193807552
-247.5,0.197917588
-246.5,0.199298235
-245.5,-1.64471954
-244.5,-1.074830247
-243.5,-0.258024982
-242.5,-0.798392306
-241.5,-0.434796716
-240.5,-0.026849883
-239.5,0.123177382
-238.5,0.174164025
-237.5,0.191317871
-236.5,0.197081258
-235.5,0.199017297
-234.5,0.199667638
-233.5,0.199886101
-232.5,0.199959478
-231.5,0.199984125
-230.5,0.199992408
-229.5,0.199995189
-228.5,0.199996123
-227.5,0.199996433
-226.5,0.01007231
-225.5,0.068768427
-224.5,0.152850089
-223.5,0.184020173
-222.5,0.194623604
-221.5,0.198191472
-220.5,0.199390221
-219.5,0.199792906
-218.5,0.19992817
-217.5,0.199973611
-216.5,0.199988872
-215.5,-0.732930411
-214.5,-0.444608431
-213.5,-0.031591481
-212.5,0.121518895
-211.5,0.173603931
-210.5,0.191129598
-209.5,0.197018014
-208.5,0.198996057
-207.5,-1.548873934
-206.5,-1.008534472
-205.5,-0.234204807
-204.5,0.052859804
-203.5,0.150513396
-202.5,0.183372
-201.5,0.194412086
-200.5,0.198120689
-199.5,0.199366461
-198.5,0.199784924
-197.5,0.199925496
-196.5,0.199972713
-195.5,0.199988582
-194.5,0.199993905
-193.5,0.199995688
-192.5,0.19999629
-191.5,0.199996495
-190.5,0.199996568
-189.5,0.199996587
-188.5,-0.361292706
-187.5,-0.187910741
-186.5,0.060629202
-185.5,0.152769471
-184.5,0.184113751
-183.5,0.194660518
-182.5,0.198204111
-181.5,0.19939448
-180.5,0.199794335
-179.5,0.199928658
-178.5,0.02883324
-177.5,0.081739347
-176.5,0.157510334
-175.5,0.18559938
-174.5,0.195154703
-173.5,0.198369894
-172.5,0.199450159
-171.5,0.199813038
-170.5,0.199934943
-169.5,0.19997589
-168.5,0.199989638
-167.5,0.199994262
-166.5,-3.328828481
-165.5,-2.285981683
-164.5,-0.693194753
-163.5,-0.102678113
-162.5,-0.446523121
-161.5,-0.210581604
-160.5,0.053286306
-159.5,-0.294232768
-158.5,-0.123870488
-157.5,0.084029915
-156.5,-0.33809621
-155.5,-0.157867304
-154.5,0.071734279
-153.5,0.156545737
-152.5,0.18538432
-151.5,0.195087418
-150.5,0.198347513
-149.5,0.199442646
-148.5,0.199810517
-147.5,0.19993409
-146.5,0.199975599
-145.5,-2.361051695
-144.5,-1.570741652
-143.5,-0.436221049
-142.5,-0.015597862
-141.5,0.127490504
-140.5,0.175637125
-139.5,-1.333841241
-138.5,-0.85690355
-137.5,-0.505230162
-136.5,-0.153618742
-135.5,0.075907777
-134.5,0.158072662
-133.5,0.185902944
-132.5,0.195261897
-131.5,0.198406143
-130.5,0.199462346
-129.5,0.199817136
-128.5,0.199936315
-127.5,0.199976348
-126.5,0.199989798
-125.5,0.199994309
-124.5,0.199995825
-123.5,0.199996337
-122.5,0.199996511
-121.5,-2.078399657
-120.5,-1.374668906
-119.5,-0.365761154
-118.5,0.008279111
-117.5,0.135520554
-116.5,0.178334928
-115.5,0.19272005
-114.5,0.197552316
-113.5,0.199175536
-112.5,0.199720798
-111.5,0.199903962
-110.5,0.199965482
-109.5,0.199986139
-108.5,0.199993085
-107.5,0.199995419
-106.5,0.199996199
-105.5,0.199996462
-104.5,0.199996553
-103.5,-0.248725548
-102.5,-0.11004798
-101.5,0.08860649
-100.5,0.162250099
-99.5,0.187302143
-98.5,-0.359418982
-97.5,-0.185033715
-96.5,0.061700977
-95.5,0.153134391
-94.5,0.184236584
-93.5,0.194701808
-92.5,0.198217992
-91.5,0.199399142
-90.5,0.199795906
-89.5,0.199929177
-88.5,0.199973944
-87.5,0.199988981
-86.5,0.199994029
-85.5,0.199995727
-84.5,0.199996297
-83.5,-1.106107052
-82.5,-0.70269301
-81.5,-0.124329672
-80.5,0.09009261
-79.5,0.163035037
-78.5,0.187578817
-77.5,0.195825237
-76.5,0.198595385
-75.5,0.199525914
-74.5,0.199838487
-73.5,0.199943489
-72.5,0.199978759
-71.5,0.199990613
-70.5,0.199994594
-69.5,0.199995926
-68.5,0.199996369
-67.5,0.199996525
-66.5,0.199996576
-65.5,0.199996587
-64.5,0.199996587
-63.5,0.199996587
-62.5,0.199996587
-61.5,0.199996587
-60.5,0.199996587
-59.5,0.199996587
-58.5,0.199996587
-57.5,0.199996587
-56.5,0.199996587
-55.5,0.199996587
-54.5,0.199996587
-53.5,0.199996587
-52.5,0.199996587
-51.5,0.199996587
-50.5,0.199996587
-49.5,0.199996587
-48.5,0.199996587
-47.5,0.199996587
-46.5,0.199996587
-45.5,0.199996587
-44.5,-0.555526188
-43.5,-0.322031852
-42.5,-6.450020504
-41.5,-4.80676584
-40.5,-1.673123816
-39.5,-0.435115768
-38.5,-0.013613432
-37.5,0.128230428
-36.5,0.175888998
-35.5,0.191898566
-34.5,0.19727638
-33.5,-0.166156084
-32.5,-0.052672189
-31.5,0.109227116
-30.5,0.169238062
-29.5,0.189652268
-28.5,0.196521267
-27.5,0.198829178
-26.5,0.199604447
-25.5,0.199864875
-24.5,0.199952351
-23.5,0.199981727
-22.5,0.199991604
-21.5,0.199994918
-20.5,0.199996035
-19.5,-0.125580655
-18.5,-0.024970559
-17.5,0.119173089
-16.5,0.172608278
-15.5,0.190785718
-14.5,0.196902073
-13.5,0.198957092
-12.5,0.199647412
-11.5,0.199879295
-10.5,0.199957193
-9.5,0.19998336
-8.5,0.199992152
-7.5,0.199995102
-6.5,-0.161060561
-5.5,-0.049486297
-4.5,0.110365382
-3.5,0.169623666
-2.5,0.189781971
-1.5,0.196564848
-0.5,0.19884381
0.5,0.199609358
1.5,0.199866521
2.5,0.199952903
3.5,0.19998192
4.5,0.05389941
5.5,0.099048196
6.5,0.163729093
7.5,0.187706788
8.5,0.195863446
9.5,0.198608011
10.5,0.199530151
11.5,0.199839912
12.5,0.199943966
13.5,0.19997891
14.5,0.199990651
15.5,0.199994599
16.5,0.199995923
17.5,0.199996363
18.5,0.19999652
19.5,0.199996576
20.5,0.199996587
21.5,0.199996587
22.5,0.199996587
23.5,0.199996587
24.5,0.199996587
25.5,0.199996587
26.5,0.199996587
27.5,0.199996587
28.5,0.199996587
29.5,0.199996587
30.5,0.199996587
31.5,0.001728519
32.5,0.062997409
33.5,0.150777157
34.5,0.183317814
35.5,0.194387403
36.5,0.198112116
37.5,0.199363569
38.5,0.199783954
39.5,0.199925162
40.5,0.199972607
41.5,0.199988544
42.5,0.199993893
43.5,0.199995687
44.5,0.19999629
45.5,0.199996495
46.5,0.199996568
47.5,0.199996587
48.5,0.199996587
49.5,0.199996587
50.5,0.199996587
51.5,0.199996587
52.5,0.199996587
53.5,0.199996587
54.5,0.199996587
55.5,0.199996587
56.5,0.199996587
57.5,0.199996587
58.5,-0.090100918
59.5,-0.000454824
60.5,0.12798079
61.5,0.175592914
62.5,0.191789471
63.5,0.197239304
64.5,0.199070372
65.5,0.199685467
66.5,0.199892082
67.5,0.19996149
68.5,0.199984809
69.5,0.199992637
70.5,0.199995266
71.5,0.199996151
72.5,0.199996446
73.5,0.19999655
74.5,0.199996584
75.5,0.199996587
76.5,0.199996587
77.5,0.199996587
78.5,0.199996587
79.5,0.199996587
80.5,0.199996587
81.5,0.199996587
82.5,0.199996587
83.5,0.199996587
84.5,0.199996587
85.5,0.199996587
86.5,0.199996587
87.5,-2.022202366
88.5,-1.335805306
89.5,-0.351773014
90.5,0.013019718
91.5,0.137114806
92.5,0.17887054
93.5,0.192899971
94.5,0.197612751
95.5,0.136584848
96.5,0.156464717
97.5,0.184363261
98.5,0.194699265
99.5,0.198215077
100.5,0.19939807
101.5,0.19979554
102.5,0.076794155
103.5,0.114890206
104.5,0.169421107
105.5,0.189635638
106.5,0.196512137
107.5,0.198825948
108.5,0.199603352
109.5,0.199864503
110.5,0.199952227
111.5,0.199981693
112.5,0.199991592
113.5,0.199994912
114.5,-0.211158617
115.5,-0.08409088
116.5,0.097932145
117.5,0.165410264
118.5,0.188364943
119.5,0.196088772
120.5,0.198683892
121.5,-0.196980514
122.5,-0.074149859
123.5,0.101507984
124.5,-0.353048785
125.5,-0.17030945
126.5,0.067219018
127.5,0.155013971
128.5,0.18486913
129.5,0.194914328
130.5,0.198289371
131.5,0.199423118
132.5,0.199803953
133.5,0.199931884
134.5,0.199974857
135.5,0.199989291
136.5,0.199994148
137.5,0.199995779
138.5,0.199996318
139.5,0.199996502
140.5,0.199996571
141.5,0.199996587
142.5,0.199996587
143.5,-0.033751063
144.5,0.03848174
145.5,0.141969476
146.5,0.180333204
147.5,0.19338366
148.5,0.197774884
149.5,0.199250283
150.5,0.137134937
151.5,0.156649491
152.5,0.184425331
153.5,0.194720119
154.5,0.198222087
155.5,0.199400432
156.5,0.199796343
157.5,0.199929333
158.5,0.199974003
159.5,0.199989008
160.5,-0.513787193
161.5,-0.293191421
162.5,0.022808337
163.5,0.139953235
164.5,0.069190813
165.5,0.116781333
166.5,0.170258423
167.5,0.189926087
168.5,0.196610122
169.5,-2.887186654
170.5,-1.937449938
171.5,-0.567946479
172.5,-0.293987568
173.5,-0.049032761
174.5,0.11256725
175.5,0.170456348
176.5,0.190065896
177.5,0.196660409
178.5,0.198875924
179.5,0.199620157
180.5,0.199870144
181.5,0.199954119
182.5,0.199982322
183.5,0.199991796
184.5,0.199994986
185.5,0.199996054
186.5,0.199996415
187.5,0.199996541
188.5,0.199996581
189.5,0.199996587
190.5,0.199996587
191.5,0.199996587
192.5,-0.071323753
193.5,0.012527779
194.5,0.132644447
195.5,0.177173139
196.5,0.192320894
197.5,0.197417839
198.5,0.199130354
199.5,0.199705616
200.5,0.199898849
201.5,0.199963761
202.5,0.199985566
203.5,0.199992885
204.5,0.199995348
205.5,0.199996177
206.5,-0.355154273
207.5,-0.183601128
208.5,0.06218219
209.5,0.153296043
210.5,0.184290876
211.5,0.194720039
212.5,0.19822411
213.5,0.199401199
214.5,0.199796596
215.5,0.133144379
216.5,0.153826952
217.5,0.183409842
218.5,-0.362699266
219.5,-0.186906505
220.5,0.061030669
221.5,0.152907305
222.5,0.184160186
223.5,0.194676127
224.5,0.198209353
225.5,0.199396242
226.5,-0.104918666
227.5,-0.010612989
228.5,0.124332219
229.5,0.174356457
230.5,0.047365134
231.5,0.097596915
232.5,0.163274976
233.5,0.187555706
234.5,0.195812768
235.5,0.198590989
236.5,-0.792215408
237.5,-0.776462531
238.5,-0.160878266
239.5,0.077280772
240.5,0.15870714
241.5,0.186123932
242.5,0.195336482
243.5,0.198431212
244.5,-0.128094369
245.5,-0.026572011
246.5,0.118596778
247.5,0.172412936
248.5,0.190720008
249.5,0.196879994
250.5,0.19894967
251.5,0.199644927
252.5,0.199878468
253.5,0.199956915
254.5,0.199983262
255.5,0.199992119
256.5,0.199995093
257.5,0.199996085
258.5,0.199996424
259.5,0.199996542
260.5,0.199996581
261.5,0.199996587
262.5,0.199996587
263.5,0.199996587
264.5,0.199996587
265.5,0.199996587
266.5,-4.114588798
267.5,-2.952147264
268.5,-0.932552333
269.5,-0.183789129
270.5,0.070926411
271.5,0.156633593
272.5,0.185430172
273.5,0.195103566
274.5,0.198352979
275.5,0.199444491
276.5,0.199811142
277.5,0.199934298
278.5,0.199975666
279.5,0.199989571
280.5,0.19999424
281.5,-0.428215143
282.5,-0.234066119
283.5,0.044050322
284.5,0.147151454
285.5,0.182224357
286.5,0.19402575
287.5,0.19799088
288.5,0.199322852
289.5,0.199770275
290.5,0.199920565
291.5,0.19997106
292.5,0.199988013
293.5,0.199993717
294.5,0.19999563
295.5,0.199996273
296.5,0.199996491
297.5,0.199996568
298.5,0.199996587
299.5,-0.008711344
300.5,0.055789863
301.5,0.148187276
302.5,0.182440099
303.5,0.194092222
304.5,-1.485824668
305.5,-0.964378128
306.5,-0.218329865
307.5,0.058239918
308.5,0.152322814
309.5,0.183979889
310.5,0.194616281
311.5,0.198189279
312.5,0.199389495
313.5,0.199792661
314.5,0.199928087
315.5,0.199973584
316.5,0.199988862
317.5,0.199993999
318.5,0.199995717
319.5,0.199996294
320.5,0.199996495
321.5,0.199996568
322.5,0.199996587
323.5,0.199996587
324.5,0.199996587
325.5,0.199996587
326.5,0.199996587
327.5,0.199996587
328.5,0.199996587
329.5,0.199996587
330.5,0.199996587
331.5,0.199996587
332.5,-0.649225277
333.5,-0.386904843
334.5,-0.010868097
335.5,0.128541383
336.5,0.175965677
337.5,0.19192306
338.5,0.197284554
339.5,0.199085593
340.5,0.199690576
341.5,0.199893793
342.5,0.199962063
343.5,0.199984992
344.5,0.199992691
345.5,-0.657563533
346.5,-0.392675407
347.5,-0.012940219
348.5,0.127839131
349.5,0.175729491
350.5,0.191843707
351.5,0.197257891
352.5,0.199076633
353.5,0.076552656
354.5,0.114809095
355.5,0.169393859
356.5,0.189626487
357.5,0.196509061
358.5,0.036032714
359.5,0.087121749
360.5,0.023796016
361.5,0.092521844
362.5,0.161699814
363.5,0.187032543
364.5,0.195637306
365.5,0.198532062
366.5,-0.245043324
367.5,-0.10732906
368.5,0.089587183
369.5,-0.079518609
370.5,0.02013414
371.5,0.135670445
372.5,0.178211016
373.5,0.192670496
374.5,0.197535314
375.5,0.199169815
376.5,0.199718877
377.5,0.199903308
378.5,0.199965256
379.5,-0.505277124
380.5,-0.287414655
381.5,0.024879493
382.5,0.140655066
383.5,0.180039582
384.5,0.193291748
385.5,0.19774431
386.5,0.199240018
387.5,0.199742453
388.5,0.093472568
389.5,0.126420992
390.5,0.173563896
391.5,0.191039498
392.5,0.196984265
393.5,-0.441528573
394.5,-0.243028183
395.5,0.04082818
396.5,0.146059735
397.5,0.181857215
398.5,0.193902408
399.5,0.197949446
400.5,0.199308932
401.5,0.199765606
402.5,0.199919009
403.5,0.199970536
404.5,0.199987846
405.5,0.199993652
406.5,0.199995607
407.5,0.199996265
408.5,0.199996491
409.5,0.199996568
410.5,0.199996587
411.5,-0.123500683
412.5,-0.023523842
413.5,0.119692142
414.5,0.172784025
415.5,0.190844797
416.5,0.196921921
417.5,0.198963766
418.5,-0.050799908
419.5,0.026831903
420.5,0.137786235
421.5,0.178915631
422.5,0.192906907
423.5,-0.297023152
424.5,-0.142573664
425.5,0.076939603
426.5,-0.073368467
427.5,0.025903331
428.5,0.137776737
429.5,0.178926197
430.5,0.192911083
431.5,0.197616146
432.5,0.199196957
433.5,-2.717237017
434.5,-1.816034459
435.5,-0.524330305
436.5,-0.045454343
437.5,0.117449628
438.5,0.172263758
439.5,0.19068063
440.5,0.196867251
441.5,0.198945415
442.5,0.199643489
443.5,0.199877981
444.5,0.199956749
445.5,0.199983209
446.5,0.199992102
447.5,0.199995081
448.5,0.199996082
449.5,0.199996424
450.5,0.199996542
451.5,0.199996581
452.5,0.060162259
453.5,0.103378054
454.5,0.165284327
455.5,0.188233732
456.5,-0.325557408
457.5,-0.161828217
458.5,0.070027053
459.5,0.155955333
460.5,0.185185231
461.5,0.1950205
462.5,0.027188325
463.5,0.081183152
464.5,0.157323825
465.5,0.185536816
466.5,0.195133707
467.5,-0.338016571
468.5,-0.171163547
469.5,-0.150394006
470.5,0.004839418
471.5,0.130919783
472.5,0.176632812
473.5,0.192141169
474.5,0.197357545
475.5,0.199110098
476.5,0.199698815
477.5,0.199896569
478.5,0.199962996
479.5,0.199985306
480.5,0.199992798
481.5,0.199995319
482.5,0.199996174
483.5,0.199996455
484.5,0.199996552
485.5,0.199996584
486.5,0.199996587
487.5,0.151994842
488.5,0.166828376
489.5,0.188080317
490.5,0.195958585
491.5,0.198638592
492.5,-0.188647733
493.5,-0.068386693
494.5,0.103578612
495.5,0.167324003
496.5,0.189008585
497.5,0.196305023
498.5,0.198756534
499.5,0.199580047
500.5,0.19985667
501.5,-0.307210771
502.5,-0.150441661
503.5,0.074094549
504.5,0.157332486
505.5,0.185648317
506.5,0.195176079
507.5,0.198377294
508.5,0.199452654
509.5,0.199813875
510.5,0.199935218
511.5,0.055967457
512.5,0.100486987
513.5,0.164245819
514.5,0.187881826
515.5,0.19592231
516.5,0.198627784
517.5,0.199536787
518.5,0.199842139
519.5,0.199944714
520.5,0.199979171
521.5,-0.563880399
522.5,-0.327802144
523.5,0.010373708
524.5,0.135739541
525.5,0.178386443
526.5,0.192736354
527.5,0.197557761
528.5,0.036388828
529.5,0.087237876
530.5,0.159492413
531.5,0.186271392
532.5,0.195380727
533.5,0.198445832
534.5,0.199475664
535.5,0.199821601
536.5,-3.442096016
537.5,-2.50932321
538.5,-0.774543744
539.5,-0.130243759
540.5,-5.827505115
541.5,-4.295648035
542.5,-1.422299083
543.5,-0.349830445
544.5,0.015081735
545.5,0.137871604
546.5,0.179127675
547.5,-0.028243918
548.5,0.044782657
549.5,0.144287688
550.5,0.181120986
551.5,0.193648688
552.5,0.197863929
553.5,0.199280197
554.5,0.199755952
555.5,0.199915769
556.5,0.199969453
557.5,0.199987473
558.5,0.199993527
559.5,0.199995562
560.5,0.199996243
561.5,0.199996479
562.5,0.199996564
563.5,0.199996586
564.5,0.199996587
565.5,0.199996587
566.5,0.199996587
567.5,0.199996587
568.5,0.199996587
569.5,0.199996587
570.5,0.199996587
571.5,0.047639768
572.5,0.094725635
573.5,0.162175759
574.5,-4.651695619
575.5,-3.285356388
576.5,-1.052130236
577.5,-0.224305004
578.5,0.057300916
579.5,0.152055932
580.5,0.183892464
581.5,0.008836926
582.5,0.06983543
583.5,0.153275885
584.5,0.184166268
585.5,0.194672817
586.5,0.198207996
587.5,0.199395776
588.5,0.199794768
589.5,-0.718133402
590.5,-0.434514991
591.5,-0.027972418
592.5,0.122745218
593.5,0.174016375
594.5,0.19126816
595.5,-0.032514211
596.5,0.040384242
597.5,0.142675465
598.5,0.180573288
599.5,0.193464436
600.5,0.197802025
601.5,0.199259401
602.5,0.199748965
603.5,0.199913412
604.5,0.199968654
605.5,0.199987209
606.5,0.199993441
607.5,-0.35290148
608.5,-0.182130478
609.5,0.062701944
610.5,0.153471768
611.5,0.184349933
612.5,0.194739869
613.5,0.198230769
614.5,0.199403436
615.5,0.199797357
616.5,0.199929674
617.5,0.19997412
618.5,0.199989044
619.5,0.199994054
620.5,0.199995737
621.5,0.199996299
622.5,0.199996496
623.5,0.199996568
624.5,0.199996587
625.5,0.199996587
626.5,-2.515273134
627.5,-1.703532578
628.5,-0.483886913
629.5,-0.167406588
630.5,0.028322285
631.5,0.140135712
632.5,-0.256410612
633.5,-0.108188028
634.5,0.08943319
635.5,0.162536976
636.5,0.187398931
637.5,-0.167272166
638.5,-0.052331817
639.5,0.109370923
640.5,0.169287825
641.5,0.089491498
642.5,0.12730628
643.5,0.173962304
644.5,0.191177917
645.5,0.197030974
646.5,0.199000264
647.5,0.199661911
648.5,0.199884171
649.5,0.199958836
650.5,0.199983915
651.5,0.199992332
652.5,0.199995168
653.5,0.199996113
654.5,0.199996428
655.5,0.199996545
656.5,0.199996583
657.5,0.058075192
658.5,0.101935992
659.5,0.164766239
660.5,0.188058166
661.5,0.195981611
662.5,0.198647706
663.5,0.199543484
664.5,0.199844387
665.5,0.19994547
666.5,0.199979425
667.5,0.199990831
668.5,0.199994666
669.5,0.199995952
670.5,0.199996376
671.5,0.035117219
672.5,0.086073197
673.5,0.159067186
674.5,0.186126947
675.5,0.195332135
676.5,0.19842951
677.5,0.199470183
678.5,0.199819769
679.5,0.199937199
680.5,0.199976637
681.5,0.199989897
682.5,-5.156917937
683.5,-3.720354217
684.5,-1.208530133
685.5,-0.277308759
686.5,0.039475123
687.5,0.146067091
688.5,-0.61329663
689.5,-0.35551659
690.5,0.000558784
691.5,0.132419623
692.5,0.177270203
693.5,0.192361338
694.5,-0.194939166
695.5,-0.071973644
696.5,0.10230563
697.5,0.166893138
698.5,-0.493432381
699.5,-0.275286369
700.5,0.029323367
701.5,0.142164631
702.5,0.180547443
703.5,0.193462384
704.5,0.197801639
705.5,0.19925928
706.5,0.199748925
707.5,0.199913399
708.5,0.199968641
709.5,0.199987199
710.5,0.199993439
711.5,0.199995536
712.5,0.199996243
713.5,-0.077578862
714.5,0.008197728
715.5,0.131089396
716.5,0.176646317
717.5,0.04187737
718.5,0.093527359
719.5,0.1618072
720.5,0.187058145
721.5,0.195645431
722.5,0.198534777
723.5,0.199505552
724.5,0.199831649
725.5,0.0455008
726.5,0.093262882
727.5,0.161651012
728.5,0.187002613
729.5,0.195626629
730.5,0.198528448
731.5,0.199503421
732.5,0.049561187
733.5,0.096112061
734.5,0.162675163
735.5,0.187349623
736.5,0.195743324
737.5,0.198567658
738.5,0.199516589
739.5,0.19983535
740.5,0.199942427
741.5,0.199978395
742.5,0.199990482
743.5,0.199994543
744.5,0.199995906
745.5,-0.148538062
746.5,-0.04083359
747.5,0.113473993
748.5,0.170677067
749.5,-0.087439105
750.5,-1.412241853
751.5,-0.849187103
752.5,-0.175513
753.5,0.072809394
754.5,0.157225282
755.5,0.185627073
756.5,-0.445563828
757.5,-0.244339669
758.5,0.040397224
759.5,0.145915159
760.5,0.181808648
761.5,0.193886086
762.5,0.197943966
763.5,0.199307098
764.5,-0.795409205
765.5,-0.487891097
766.5,-0.047159015
767.5,0.116243232
768.5,0.171829679
769.5,0.190533506
770.5,0.196817773
771.5,0.198928798
772.5,0.199637907
773.5,0.199876106
774.5,0.199956121
775.5,0.199982996
776.5,0.199992025
777.5,0.024680394
778.5,0.078862405
779.5,0.156476581
780.5,0.185249075
781.5,0.195036895
782.5,-0.160647375
783.5,-0.04859878
784.5,0.110696515
785.5,0.169736248
786.5,0.189819826
787.5,0.196577564
788.5,0.198848082
789.5,0.199610795
790.5,0.199867
791.5,0.199953062
792.5,0.199981974
793.5,0.199991683
794.5,0.199994952
795.5,0.199996043
796.5,0.199996413
797.5,0.199996541
798.5,0.199996581
799.5,0.199996587
800.5,-0.317599168
801.5,-0.157636279
802.5,0.071509392
803.5,0.156456452
804.5,0.185353701
805.5,0.195077096
806.5,0.198344055
807.5,0.199441491
808.5,0.199810125
809.5,0.199933958
810.5,0.199975559
811.5,0.199989531
812.5,0.199994227
813.5,0.199995803
814.5,0.19999633
815.5,0.19999651
816.5,0.199996574
817.5,-1.749335511
818.5,-1.146894368
819.5,-0.565652252
820.5,-0.158664426
821.5,0.074906076
822.5,-0.662454642
823.5,-0.380930852
824.5,-0.008382828
825.5,0.129397622
826.5,0.176254245
827.5,0.139844217
828.5,0.161264713
829.5,0.186144047
830.5,0.195305102
831.5,0.198418932
832.5,0.199466572
833.5,0.199818552
834.5,0.199936782
835.5,0.033010143
836.5,0.084624429
837.5,0.158546848
838.5,0.185950629
839.5,0.195272829
840.5,0.198409581
841.5,-0.002983223
842.5,0.059936956
843.5,0.149681376
844.5,0.18294658
845.5,0.194262554
846.5,0.198070161
847.5,0.199349474
848.5,0.199779218
849.5,0.199923578
850.5,0.199972067
851.5,0.199988358
852.5,0.199993826
853.5,-0.572218144
854.5,-0.333572336
855.5,0.008301139
856.5,0.13503732
857.5,0.178150299
858.5,0.192657019
859.5,-0.635013285
860.5,-0.376203437
861.5,-0.007001323
862.5,0.129852506
863.5,0.17640665
864.5,0.192071205
865.5,0.197334311
866.5,0.199102307
867.5,0.199696195
868.5,0.199895685
869.5,0.09352404
870.5,0.126438306
871.5,0.173569714
872.5,0.19104145
873.5,0.196984925
874.5,0.198984782
875.5,0.199656707
876.5,-0.200836801
877.5,-0.076918747
878.5,0.100509782
879.5,-0.470275541
880.5,-0.518318224
881.5,-0.146415773
882.5,0.078853691
883.5,0.159086035
884.5,0.186244402
885.5,0.195376632
886.5,0.198444682
887.5,0.199475284
888.5,0.199821484
889.5,0.199937778
890.5,0.199976836
891.5,0.199989954
892.5,0.19999436
893.5,0.199995843
894.5,0.199996342
895.5,0.199996512
896.5,0.199996574
897.5,0.199996587
898.5,0.199996587
899.5,0.199996587
900.5,-0.960088159
901.5,-0.601763278
902.5,-0.088063509
903.5,0.102382214
904.5,-0.636357544
905.5,-0.366228706
906.5,-0.003174366
907.5,0.131159477
908.5,0.02240275
909.5,0.08550605
910.5,0.159045063
911.5,0.186127168
912.5,0.195332543
913.5,0.19842966
914.5,0.199470237
915.5,0.199819783
916.5,-1.068613677
917.5,-0.676758044
918.5,-0.11501064
919.5,0.093250615
920.5,0.164097099
921.5,0.187935636
922.5,0.195945096
923.5,0.198635647
924.5,0.199539433
925.5,0.199843027
926.5,0.199945008
927.5,0.199979269
928.5,0.199990779
929.5,-0.647099267
930.5,-0.385456026
931.5,-0.010349403
932.5,0.128716993
933.5,0.176024716
934.5,0.191942887
935.5,0.1972912
936.5,0.199087823
937.5,0.199691338
938.5,0.199894057
939.5,-2.093932604
940.5,-2.703103457
941.5,-0.897227103
942.5,-0.173956671
943.5,0.074136707
944.5,0.157707755
945.5,0.18579081
946.5,0.180589265
947.5,-0.204619109
948.5,-0.012056963
949.5,0.125303908
950.5,0.17474909
951.5,0.191508517
952.5,0.197145034
953.5,0.015375742
954.5,0.07277288
955.5,0.154296275
956.5,0.184510558
957.5,0.194788547
958.5,0.056325464
959.5,0.101348225
960.5,-0.152660184
961.5,-0.031206883
962.5,0.117208204
963.5,0.171954173
964.5,0.190566275
965.5,0.196828371
966.5,0.198932341
967.5,0.199639108
968.5,0.199876516
969.5,0.199956261
970.5,-0.029595712
971.5,0.041364603
972.5,0.143004795
973.5,0.180683918
974.5,0.193501589
975.5,0.197814513
976.5,-1.10268579
977.5,-0.700061478
978.5,-0.123376367
979.5,0.090416001
980.5,0.163143821
981.5,0.187615373
982.5,-0.125572695
983.5,-0.023478884
984.5,0.119740922
985.5,0.172801931
986.5,0.190850885
987.5,0.196923975
988.5,0.198964451
989.5,0.199649885
990.5,0.156052469
991.5,0.169673457
992.5,0.189103375
993.5,0.196305303
994.5,0.198755194
995.5,0.199579539
996.5,0.199856497
997.5,0.199949535
998.5,-0.014988412
999.5,0.051458323
1000.5,0.146631189
1001.5,0.181912792
1002.5,0.193914874
1003.5,-0.841075355
1004.5,-0.518799395
1005.5,-0.058244147
1006.5,0.11248761
1007.5,0.170566668
1008.5,0.190109182
1009.5,0.196675235
1010.5,0.198880909
1011.5,-0.136398031
1012.5,-0.032302242
1013.5,0.116541223
1014.5,0.171716387
1015.5,0.190485738
1016.5,0.196801289
1017.5,0.198923232
1018.5,0.199636038
1019.5,0.199875479
1020.5,-0.211198741
1021.5,-0.084104376
1022.5,0.097927595
1023.5,0.165408724
1024.5,0.188364423
1025.5,0.196088603
1026.5,0.198683839
1027.5,0.199555625
1028.5,-1.423324016
1029.5,-0.921897719
1030.5,-0.203095386
1031.5,0.063401229
1032.5,0.154058518
1033.5,0.184563027
1034.5,0.194812177
1035.5,0.19825508
1036.5,0.199411606
1037.5,0.199800089
1038.5,0.199930584
1039.5,-0.232041236
1040.5,-0.098524809
1041.5,0.092747568
1042.5,0.163653595
1043.5,0.187774193
1044.5,0.19589031
1045.5,0.198617223
1046.5,0.199533248
1047.5,0.199840957
1048.5,0.19994432
1049.5,0.199979038
1050.5,0.199990694
1051.5,0.199994612
1052.5,0.19999593
1053.5,0.19999637
1054.5,0.199996525
1055.5,0.199996576
1056.5,0.199996587
1057.5,0.026768995
1058.5,0.080304992
1059.5,0.156994846
1060.5,0.185424698
1061.5,0.195095951
1062.5,0.198350158
1063.5,0.199443535
1064.5,0.00362534
1065.5,0.064379834
1066.5,0.151274846
1067.5,0.043652106
1068.5,0.097825556
1069.5,0.16341889
1070.5,0.1876071
1071.5,0.195830163
1072.5,0.198596834
1073.5,0.199526391
1074.5,0.199838652
1075.5,0.19994354
1076.5,0.199978769
1077.5,0.199990613
1078.5,0.199994594
1079.5,0.199995926
1080.5,0.199996369
1081.5,0.199996525
1082.5,0.199996576
1083.5,0.199996587
1084.5,0.199996587
1085.5,0.199996587
1086.5,0.199996587
1087.5,0.199996587
1088.5,0.199996587
1089.5,0.199996587
1090.5,0.199996587
1091.5,0.199996587
1092.5,0.151994842
1093.5,0.166828376
1094.5,0.188080317
1095.5,0.195958585
1096.5,0.198638592
1097.5,0.199540355
1098.5,0.199843342
1099.5,0.199945119
1100.5,0.199979312
1101.5,0.19999079
1102.5,0.199994648
1103.5,0.199995946
1104.5,0.199996376
1105.5,0.199996525
1106.5,0.199996576
1107.5,0.199996587
1108.5,-3.663371424
1109.5,-2.562826047
1110.5,-0.792667873
1111.5,-0.136386522
1112.5,0.086868313
1113.5,0.161989496
1114.5,0.187229321
1115.5,0.032915708
1116.5,0.086074709
1117.5,0.159101391
1118.5,0.123528983
1119.5,0.152073669
1120.5,0.182888021
1121.5,0.194203708
1122.5,0.198048624
1123.5,0.199342156
1124.5,0.199776753
1125.5,0.199922748
1126.5,0.199971795
1127.5,-0.567813734
1128.5,-0.3306597
1129.5,0.009337477
1130.5,0.135388226
1131.5,0.178268305
1132.5,0.192696658
1133.5,0.19754442
1134.5,0.199172887
1135.5,0.199719903
1136.5,0.199903656
1137.5,-0.021265023
1138.5,0.04712695
1139.5,0.145075188
1140.5,0.181385526
1141.5,0.193737551
1142.5,0.19789379
1143.5,0.199290235
1144.5,0.199759323
1145.5,0.199916894
1146.5,0.199969826
1147.5,0.199987605
1148.5,0.199993572
1149.5,0.199995577
1150.5,0.199996249
1151.5,0.199996479
1152.5,0.199996564
1153.5,0.199996586
1154.5,0.199996587
1155.5,0.199996587
1156.5,0.199996587
1157.5,0.199996587
1158.5,0.199996587
1159.5,0.199996587
1160.5,0.199996587
1161.5,0.199996587
1162.5,0.199996587
1163.5,0.199996587
1164.5,0.199996587
1165.5,0.199996587
1166.5,0.199996587
1167.5,0.199996587
1168.5,0.199996587
1169.5,0.199996587
1170.5,0.199996587
1171.5,-3.502354095
1172.5,-2.40282007
1173.5,-0.735161699
1174.5,-0.116899116
1175.5,0.093422122
1176.5,0.164191348
1177.5,0.187968964
1178.5,0.195956367
1179.5,0.198639434
1180.5,0.139016765
1181.5,0.15802267
1182.5,-1.912594316
1183.5,-1.254390154
1184.5,-0.322405522
1185.5,0.022976367
1186.5,0.14046352
1187.5,0.179995598
1188.5,0.193277906
1189.5,0.197739711
1190.5,0.199238485
1191.5,-1.5801088
1192.5,-1.030144386
1193.5,-0.241966701
1194.5,0.050229513
1195.5,0.149628813
1196.5,0.18307481
1197.5,0.194312261
1198.5,0.198087162
1199.5,0.1993552
1200.5,-0.486868039
1201.5,-0.27451603
1202.5,0.029519512
1203.5,0.142227507
1204.5,0.180568397
1205.5,0.193469405
1206.5,0.197804003
1207.5,0.199260081
1208.5,0.199749192
1209.5,0.199913482
1210.5,-0.486680407
1211.5,-0.274453033
1212.5,0.029540676
1213.5,0.142234607
1214.5,0.180570787
1215.5,0.193470213
1216.5,0.197804269
1217.5,0.199260168
1218.5,0.199749226
1219.5,0.199913504
1220.5,0.199968686
1221.5,0.199987217
1222.5,0.018417539
1223.5,0.074535675
1224.5,0.154922119
1225.5,0.184722318
1226.5,0.194859743
1227.5,0.198270802
1228.5,0.199416886
1229.5,0.199801866
1230.5,-4.501206971
1231.5,-3.229095854
1232.5,-1.032036078
1233.5,-0.217500527
1234.5,0.059589074
1235.5,0.152824645
1236.5,0.104843453
1237.5,0.139874103
1238.5,0.178520827
1239.5,0.192724478
1240.5,0.197551172
1241.5,0.199175034
1242.5,0.199720626
1243.5,0.1999039
1244.5,0.199965458
1245.5,0.199986131
1246.5,0.199993084
1247.5,0.199995419
1248.5,0.199996199
1249.5,0.199996462
1250.5,0.199996553
1251.5,0.199996584
1252.5,0.199996587
1253.5,0.199996587
1254.5,0.199996587
1255.5,0.199996587
1256.5,0.199996587
1257.5,-3.52569789
1258.5,-8.919522424
1259.5,-3.931374192
1260.5,-1.449835208
1261.5,-0.433945544
1262.5,-0.016576967
1263.5,0.127082317
1264.5,0.175496391
1265.5,0.191766371
1266.5,0.197231964
1267.5,0.199067922
1268.5,0.199684634
1269.5,-0.461697507
1270.5,-0.257183233
1271.5,0.035747259
1272.5,0.144338175
1273.5,0.181278285
1274.5,0.193707912
1275.5,0.197884117
1276.5,-2.20642492
1277.5,-1.462832103
1278.5,-0.39744811
1279.5,-0.002457731
1280.5,0.131909766
1281.5,0.177121852
1282.5,0.192312556
1283.5,0.197415433
1284.5,0.199129557
1285.5,0.199705352
1286.5,-2.936888037
1287.5,-1.971718
1288.5,-0.580263902
1289.5,-0.064408851
1290.5,0.111075028
1291.5,0.170122107
1292.5,0.189961207
1293.5,0.196625591
1294.5,0.198864238
1295.5,0.199616224
1296.5,0.199868817
1297.5,0.199953669
1298.5,0.199982184
1299.5,0.199991757
1300.5,0.199994973
1301.5,0.19999605
1302.5,0.199996414
1303.5,0.199996541
1304.5,0.199996581
1305.5,0.199996587
1306.5,0.04973024
1307.5,0.096165649
1308.5,0.162693456
1309.5,0.187355842
1310.5,0.195745427
1311.5,0.198568368
1312.5,0.199516834
1313.5,0.199835439
1314.5,0.199942457
1315.5,0.199978397
1316.5,0.199990486
1317.5,0.199994544
1318.5,0.199995906
1319.5,0.199996361
1320.5,0.19999652
1321.5,0.199996576
1322.5,0.199996587
1323.5,0.199996587
1324.5,0.199996587
1325.5,0.199996587
1326.5,0.199996587
1327.5,0.199996587
1328.5,0.199996587
1329.5,-0.570135849
1330.5,-0.332126477
1331.5,0.008820033
1332.5,0.135213045
1333.5,0.178209375
1334.5,0.192676865
1335.5,0.197537768
1336.5,0.059339458
1337.5,0.103098669
1338.5,0.165190746
1339.5,0.188202368
1340.5,0.196030134
1341.5,-0.045524302
1342.5,0.030827068
1343.5,0.139229317
1344.5,0.17940497
1345.5,-2.951088227
1346.5,-1.981212357
1347.5,-0.583624202
1348.5,-0.065545349
1349.5,0.110692911
1350.5,0.169993731
1351.5,0.189918085
1352.5,0.196611097
1353.5,0.198859371
1354.5,0.199614589
1355.5,0.199868272
1356.5,0.199953494
1357.5,0.199982112
1358.5,0.199991723
1359.5,0.199994961
1360.5,0.199996048
1361.5,0.199996414
1362.5,0.199996541
1363.5,0.199996581
1364.5,0.199996587
1365.5,0.199996587
1366.5,0.199996587
1367.5,0.199996587
1368.5,0.199996587
1369.5,0.199996587
1370.5,0.199996587
1371.5,0.199996587
1372.5,0.199996587
1373.5,0.199996587
1374.5,0.199996587
1375.5,0.199996587
1376.5,0.199996587
1377.5,0.199996587
1378.5,0.005902561
1379.5,0.065881598
1380.5,0.151813357
1381.5,-0.329592475
1382.5,-0.16022569
1383.5,0.070700964
1384.5,0.156187832
1385.5,0.185263617
1386.5,0.195046845
1387.5,0.198333881
1388.5,0.199438066
1389.5,-0.480391716
1390.5,-0.270165066
1391.5,0.031076805
1392.5,0.142755151
1393.5,0.180745864
1394.5,0.193529031
1395.5,0.197824017
1396.5,0.199266796
1397.5,0.199751444
1398.5,0.199914249
1399.5,0.199968942
1400.5,0.199987308
1401.5,0.19999348
1402.5,0.19999555
1403.5,0.199996243
1404.5,0.199996479
1405.5,0.199996564
1406.5,0.199996586
1407.5,0.199996587
1408.5,0.199996587
1409.5,0.199996587
1410.5,0.199996587
1411.5,0.199996587
1412.5,0.199996587
1413.5,0.199996587
1414.5,-0.196424014
1415.5,-0.073982589
1416.5,0.101558934
1417.5,0.166639183
1418.5,0.188778238
1419.5,0.196227624
1420.5,0.198730529
1421.5,0.199571318
1422.5,0.19985375
1423.5,0.199948614
1424.5,0.199980482
1425.5,0.199991184
1426.5,0.199994781
1427.5,0.199995988
1428.5,0.199996388
1429.5,0.199996527
1430.5,0.199996578
1431.5,0.199996587
1432.5,0.199996587
1433.5,0.199996587
1434.5,0.199996587
1435.5,0.199996587
1436.5,0.199996587
1437.5,0.199996587
1438.5,0.199996587
1439.5,0.199996587
1440.5,0.199996587
1441.5,0.033030231
1442.5,0.084631192
1443.5,0.158549123
1444.5,0.185951391
1445.5,0.195273088
1446.5,0.198409669
1447.5,0.199463521
1448.5,0.045377118
1449.5,0.093221312
1450.5,0.161637043
1451.5,0.186997924
1452.5,0.195625057
1453.5,-1.881572365
1454.5,-1.238139848
1455.5,-0.316706923
1456.5,0.024902293
1457.5,0.141111045
1458.5,-5.971548905
1459.5,-4.407088695
1460.5,-1.460760599
1461.5,-0.362922308
1462.5,0.010676301
1463.5,0.00907957
1464.5,0.090664322
1465.5,0.161215751
1466.5,0.186876239
1467.5,0.195585075
1468.5,0.198514538
1469.5,0.199498758
1470.5,-0.090274678
1471.5,-0.00050699
1472.5,0.12796274
1473.5,0.175586711
1474.5,0.191787368
1475.5,0.197238594
1476.5,0.199070134
1477.5,-0.772855554
1478.5,-0.843189572
1479.5,-0.260178624
1480.5,-0.306025851
1481.5,-0.093213828
1482.5,0.095901619
1483.5,0.164775207
1484.5,0.18815377
1485.5,0.196017933
1486.5,0.1986601
1487.5,0.199547649
1488.5,0.199845788
1489.5,0.199945939
1490.5,0.199979578
1491.5,0.19999087
1492.5,0.199994676
1493.5,0.199995959
1494.5,0.199996378
1495.5,0.199996525
1496.5,0.199996576
1497.5,0.199996587
1498.5,0.199996587
1499.5,0.199996587
1500.5,0.199996587
1501.5,0.199996587
1502.5,-0.008711344
1503.5,0.055789863
1504.5,0.148187276
1505.5,0.000868288
1506.5,0.068629837
1507.5,0.152938312
1508.5,0.184056016
1509.5,0.194635937
1510.5,0.006489137
1511.5,-0.293797456
1512.5,-0.046039223
1513.5,0.100136498
1514.5,0.165670005
1515.5,0.188430348
1516.5,0.196109759
1517.5,0.1986909
1518.5,0.199557994
1519.5,0.199849268
1520.5,0.199947112
1521.5,0.199979981
1522.5,0.199991014
1523.5,0.199994717
1524.5,0.199995971
1525.5,0.199996385
1526.5,0.199996527
1527.5,0.199996578
1528.5,-0.025407989
1529.5,0.044253315
1530.5,0.144042529
1531.5,0.181035576
1532.5,0.193619863
1533.5,0.197854244
1534.5,0.199276941
1535.5,0.199754847
1536.5,0.199915392
1537.5,0.022567532
1538.5,0.077411676
1539.5,0.155955574
1540.5,0.185072524
1541.5,-0.003290607
1542.5,0.061311155
1543.5,0.150210708
1544.5,0.183127542
1545.5,0.194323498
1546.5,0.19809065
1547.5,0.199356356
1548.5,0.199781531
1549.5,0.199924353
1550.5,0.199972328
1551.5,0.199988445
1552.5,0.199993862
1553.5,0.199995684
1554.5,-0.302828859
1555.5,-0.147523286
1556.5,0.075136214
1557.5,0.157685356
1558.5,0.185766997
1559.5,0.19521595
1560.5,0.19839069
1561.5,0.199457149
1562.5,0.199815389
1563.5,0.199935724
1564.5,0.199976145
1565.5,0.199989728
1566.5,0.199994288
1567.5,-0.323861175
1568.5,-0.161962676
1569.5,0.069955046
1570.5,0.155929731
1571.5,0.185176563
1572.5,0.195017593
1573.5,0.198324059
1574.5,0.199434768
1575.5,0.19980787
1576.5,0.11645188
1577.5,0.142291426
1578.5,0.179265468
1579.5,0.192971558
1580.5,0.19763403
1581.5,0.199202858
1582.5,0.199729963
1583.5,0.199907028
1584.5,0.199966504
1585.5,-1.575475948
1586.5,-1.027108353
1587.5,-0.240900332
1588.5,0.050590195
1589.5,0.149750039
1590.5,0.080850944
1591.5,0.12366322
1592.5,0.172704907
1593.5,0.190754017
1594.5,0.196888509
1595.5,-1.309545673
1596.5,-1.285651405
1597.5,-0.349083437
1598.5,0.013279984
1599.5,0.137173053
1600.5,-3.315442708
1601.5,-2.756056179
1602.5,-0.875621359
1603.5,-0.165072159
1604.5,0.077195192
1605.5,0.158738517
1606.5,0.186137203
1607.5,0.195341062
1608.5,0.198432747
1609.5,0.199471281
1610.5,0.199820139
1611.5,0.199937325
1612.5,0.199976689
1613.5,0.199989914
1614.5,0.199994345
1615.5,0.199995838
1616.5,0.19999634
1617.5,0.199996512
1618.5,0.199996574
1619.5,0.199996587
1620.5,0.199996587
1621.5,-0.140189746
1622.5,-0.035065217
1623.5,0.115546391
1624.5,0.171379331
1625.5,0.190372413
1626.5,0.196763217
1627.5,0.198910444
1628.5,0.199631744
1629.5,0.199874041
1630.5,0.19995543
1631.5,0.199982768
1632.5,0.199991955
1633.5,0.199995035
1634.5,0.199996066
1635.5,0.199996421
1636.5,0.199996541
1637.5,-0.071323765
1638.5,0.012527772
1639.5,0.132644447
1640.5,0.177173135
1641.5,-3.951611748
1642.5,-2.292537925
1643.5,-0.685947457
1644.5,-0.099814207
1645.5,0.099186274
1646.5,-0.338944518
1647.5,-0.160360638
1648.5,0.070796337
1649.5,0.156226108
1650.5,0.185276742
1651.5,0.195051268
1652.5,0.19833538
1653.5,0.199438579
1654.5,-0.576370763
1655.5,-0.336497913
1656.5,0.007244452
1657.5,0.134679124
1658.5,0.178029836
1659.5,0.192616542
1660.5,0.197517509
1661.5,0.199163848
1662.5,0.041102408
1663.5,0.090303315
1664.5,0.160589491
1665.5,0.186642976
1666.5,0.19550568
1667.5,0.055680004
1668.5,-0.605702613
1669.5,-0.162676345
1670.5,0.07398658
1671.5,0.157478175
1672.5,0.185705532
1673.5,-0.401009134
1674.5,-0.696492766
1675.5,-0.145244416
1676.5,0.082021737
1677.5,0.160276446
1678.5,0.186650021
1679.5,0.195513149
1680.5,0.198490547
1681.5,0.199490701
1682.5,0.199826655
1683.5,0.199939514
1684.5,0.199977421
1685.5,0.19999015
1686.5,0.199994429
1687.5,0.19999587
1688.5,0.199996352
1689.5,0.199996515
1690.5,0.199996574
1691.5,0.199996587
1692.5,0.199996587
1693.5,-0.388358297
1694.5,-0.206639389
1695.5,-3.218776135
1696.5,-2.11925682
1697.5,-0.6321339
1698.5,-0.081937614
1699.5,0.105182159
1700.5,0.168142413
1701.5,0.189296202
1702.5,0.196402211
1703.5,0.198789205
1704.5,0.199591016
1705.5,0.199860355
1706.5,0.199950829
1707.5,0.199981222
1708.5,-0.044451584
1709.5,0.056029734
1710.5,0.148824463
1711.5,0.182679437
1712.5,0.194173768
1713.5,0.198040387
1714.5,0.19933948
1715.5,0.199775863
1716.5,0.199922448
1717.5,0.199971691
1718.5,0.199988239
1719.5,0.199993794
1720.5,0.049725937
1721.5,-0.007276018
1722.5,0.007467734
1723.5,0.127568583
1724.5,0.175314602
1725.5,0.191689609
1726.5,0.197205465
1727.5,0.199059
1728.5,0.199681643
1729.5,-0.806081529
1730.5,-0.495115613
1731.5,-0.049736411
1732.5,0.115370189
1733.5,0.171536065
1734.5,0.190434857
1735.5,0.196784641
1736.5,0.198917665
1737.5,0.199634177
1738.5,0.199874861
1739.5,-0.011836035
1740.5,-0.570692924
1741.5,-0.129201001
1742.5,0.086218561
1743.5,0.161631911
1744.5,0.187102866
1745.5,0.195665158
1746.5,0.198541605
1747.5,0.199507852
1748.5,0.199832429
1749.5,0.199941446
1750.5,0.199978066
1751.5,0.199990368
1752.5,0.199994508
1753.5,0.199995892
1754.5,0.199996357
1755.5,0.173027884
1756.5,-0.077672576
1757.5,0.066351195
1758.5,0.153268066
1759.5,0.184216499
1760.5,0.194692096
1761.5,0.198214589
1762.5,-0.806271446
1763.5,-0.495250595
1764.5,-0.049791932
1765.5,0.115351391
1766.5,-0.20472549
1767.5,-0.262005657
1768.5,0.026420788
1769.5,0.140854668
1770.5,0.033996593
1771.5,0.092364024
1772.5,0.161483452
1773.5,0.186952381
1774.5,0.195610024
1775.5,0.198522881
1776.5,0.199501557
1777.5,0.199830301
1778.5,0.199940734
1779.5,0.199977834
1780.5,0.199990297
1781.5,0.199994485
1782.5,0.199995887
1783.5,-1.792085248
1784.5,-3.881461175
1785.5,-1.476096235
1786.5,-0.547803265
1787.5,-0.113225751
1788.5,0.091961834
1789.5,0.163578309
1790.5,0.187757471
1791.5,0.195885085
1792.5,0.198615488
1793.5,0.199532669
1794.5,0.199840762
1795.5,0.199944254
1796.5,0.055970543
1797.5,-0.053955853
1798.5,0.05753317
1799.5,0.149543034
1800.5,0.182930525
1801.5,0.194258535
1802.5,0.198068871
1803.5,0.199349047
1804.5,0.199779077
1805.5,0.199923531
1806.5,0.199972049
1807.5,0.19998835
1808.5,0.199993825
1809.5,-3.746059499
1810.5,-2.57732827
1811.5,-0.797852262
1812.5,-0.138142679
1813.5,0.086277768
1814.5,0.161791115
1815.5,-3.719522573
1816.5,-4.816199118
1817.5,-1.694761301
1818.5,-0.445789927
1819.5,-0.01735374
1820.5,0.126967002
1821.5,0.060677509
1822.5,0.066296768
1823.5,-0.306481259
1824.5,-0.03936311
1825.5,0.116444052
1826.5,0.171787267
1827.5,0.190514267
1828.5,0.196811081
1829.5,0.198926532
1830.5,0.199637148
1831.5,-2.50056224
1832.5,-1.671704028
1833.5,-0.472499954
1834.5,-0.027891774
1835.5,-1.854586605
1836.5,-1.192767438
1837.5,-0.299805039
1838.5,0.030655116
1839.5,0.143046911
1840.5,0.180863574
1841.5,0.193569468
1842.5,0.197837646
1843.5,0.199271383
1844.5,0.199752984
1845.5,0.199914768
1846.5,-0.002477614
1847.5,0.060106771
1848.5,0.149738416
1849.5,0.182965737
1850.5,0.194332728
1851.5,0.197859192
1852.5,0.191554105
1853.5,0.01098643
1854.5,-0.022960512
1855.5,0.118022357
1856.5,0.128167035
1857.5,-0.057672927
1858.5,0.087809164
1859.5,0.162295882
1860.5,0.187949291
1861.5,0.107672012
1862.5,-0.700605334
1863.5,-0.295583145
1864.5,0.033565922
1865.5,0.149773953
1866.5,0.18413369
1867.5,0.195330366
1868.5,0.198994665
1869.5,0.200196288
1870.5,0.200591377
1871.5,0.20072025
1872.5,0.194550896
1873.5,-0.044495556
1874.5,0.106271365
1875.5,0.120713754
1876.5,0.132862105
1877.5,0.176541628
1878.5,0.19277966
1879.5,0.195367085
1880.5,0.147625142
1881.5,0.146469021
1882.5,0.197425674
1883.5,-0.516673852
1884.5,-1.962339963
1885.5,-0.678986833
1886.5,-0.118183594
1887.5,-0.035164517
1888.5,0.137851621
1889.5,0.192418794
1890.5,0.010365196
1891.5,-0.132772558
1892.5,0.065306143
1893.5,0.198013587
1894.5,0.198617399
1895.5,0.198660105
1896.5,0.198528234
1897.5,0.198337476
1898.5,0.198121693
1899.5,0.197890502
1900.5,0.197646418
1901.5,0.197420644
1902.5,-0.038538001
1903.5,-0.746985605
1904.5,-0.292198413
1905.5,0.074350095
1906.5,0.179251825
1907.5,0.017017952
1908.5,0.129990838
1909.5,0.195610138
1910.5,0.195365312
1911.5,0.195116361
1912.5,-0.38742462
1913.5,-0.295387077
1914.5,0.006094919
1915.5,0.168086839
1916.5,0.193406054
1917.5,0.193534312
1918.5,0.193258531
1919.5,0.192976646
1920.5,0.192690694
1921.5,0.192400605
1922.5,0.053422576
1923.5,0.117710271
1924.5,0.191505641
1925.5,0.191199065
1926.5,0.190888422
1927.5,0.190573622
1928.5,0.151860601
1929.5,-0.036809137
1930.5,0.189604587
1931.5,0.189273354
1932.5,0.003710881
1933.5,0.150507616
1934.5,0.188254931
1935.5,0.187907245
1936.5,0.18755543
1937.5,0.187199505
1938.5,0.186839456
1939.5,0.186475299
1940.5,0.186107024
1941.5,0.185734648
1942.5,0.185358123
1943.5,0.184977504
1944.5,0.184592765
1945.5,0.184203942
1946.5,0.183810953
1947.5,0.18341388
1948.5,0.183012698
1949.5,0.182607381
1950.5,0.182197972
1951.5,0.181784427
1952.5,0.181366773
1953.5,0.18094502
1954.5,0.180519124
1955.5,0.180089122
1956.5,0.179655026
1957.5,0.179216783
1958.5,0.178774449
1959.5,0.178327997
1960.5,0.177877443
1961.5,0.166289319
1962.5,-0.024382967
1963.5,-0.912732776
1964.5,-0.665329648
1965.5,-0.344913345
1966.5,0.108734289
1967.5,-0.151840982
1968.5,-0.035009438
1969.5,0.051402268
1970.5,0.047264237
1971.5,-0.089890468
1972.5,0.025605628
1973.5,0.156062684
1974.5,0.024223704
1975.5,-0.223082429
1976.5,0.036954312
1977.5,0.121601632
1978.5,0.146588282
1979.5,0.131145784
1980.5,0.085954727
1981.5,0.053912348
1982.5,-0.291765125
1983.5,-0.753385418
1984.5,-0.289745783
1985.5,-0.025879272
1986.5,-0.027459557
1987.5,0.050499119
1988.5,0.104509137
1989.5,0.141584426
1990.5,0.137264285
1991.5,-0.575037909
1992.5,-1.787631211
1993.5,-0.793963177
1994.5,-0.087425647
1995.5,0.085922264
1996.5,0.148747981
1997.5,0.169317688
1998.5,0.170976097
1999.5,0.17446292
2000.5,0.175109766
2001.5,0.169849353
2002.5,0.176633147
2003.5,0.160278112
2004.5,0.171193017
2005.5,0.143467141
2006.5,0.128362066
2007.5,0.114754039
2008.5,0.131293399
2009.5,0.104192286
2010.5,0.136801577
2011.5,0.09815763
2012.5,0.133749723
2013.5,0.156764925
2014.5,0.138417929
2015.5,0.109649891
2016.5,0.127189225
2017.5,0.15061352
2018.5,0.139916949
2019.5,0.139916949