year,stratospheric_AOD
1750.041667,0.002911863
1750.125,0.002911738
1750.208333,0.002911623
1750.291667,0.002911518
1750.375,0.00291142
1750.458333,0.002911331
1750.541667,0.002911251
1750.625,0.002911179
1750.708333,0.002911113
1750.791667,0.002911051
1750.875,0.002910995
1750.958333,0.002910943
1751.041667,0.002910898
1751.125,0.002910856
1751.208333,0.002910818
1751.291667,0.002910782
1751.375,0.002910749
1751.458333,0.002910719
1751.541667,0.002910692
1751.625,0.002910668
1751.708333,0.002910646
1751.791667,0.002910625
1751.875,0.002910605
1751.958333,0.002910588
1752.041667,0.002910572
1752.125,0.002910559
1752.208333,0.002910547
1752.291667,0.002910535
1752.375,0.002910523
1752.458333,0.002910512
1752.541667,0.002910503
1752.625,0.002910496
1752.708333,0.002910489
1752.791667,0.002910482
1752.875,0.002910474
1752.958333,0.002910468
1753.041667,0.002910464
1753.125,0.00291046
1753.208333,0.002910457
1753.291667,0.002910452
1753.375,0.002910447
1753.458333,0.002910443
1753.541667,0.00291044
1753.625,0.002910438
1753.708333,0.002910436
1753.791667,0.002910433
1753.875,0.002910431
1753.958333,0.002910428
1754.041667,0.002910427
1754.125,0.002910427
1754.208333,0.002910426
1754.291667,0.002910424
1754.375,0.002910422
1754.458333,0.00291042
1754.541667,0.002910419
1754.625,0.002910419
1754.708333,0.002910419
1754.791667,0.002910417
1754.875,0.002910416
1754.958333,0.002910415
1755.041667,0.002910415
1755.125,0.002910416
1755.208333,0.002910416
1755.291667,0.002910415
1755.375,0.002910413
1755.458333,0.002910412
1755.541667,0.002910412
1755.625,0.002910412
1755.708333,0.002910413
1755.791667,0.002910412
1755.875,0.008934764
1755.958333,0.013067237
1756.041667,0.015783094
1756.125,0.017445743
1756.208333,0.018332411
1756.291667,0.018653994
1756.375,0.018570417
1756.458333,0.018202487
1756.541667,0.017641059
1756.625,0.01695408
1756.708333,0.016192001
1756.791667,0.015391956
1756.875,0.014580937
1756.958333,0.013778231
1757.041667,0.012997282
1757.125,0.012247129
1757.208333,0.011533523
1757.291667,0.010859788
1757.375,0.010227467
1757.458333,0.009636828
1757.541667,0.009087242
1757.625,0.00857746
1757.708333,0.008105825
1757.791667,0.007670421
1757.875,0.007269187
1757.958333,0.006899998
1758.041667,0.00656072
1758.125,0.006249251
1758.208333,0.005963556
1758.291667,0.005701686
1758.375,0.005461796
1758.458333,0.005242147
1758.541667,0.005041115
1758.625,0.004857188
1758.708333,0.004688961
1758.791667,0.004535133
1758.875,0.004394504
1758.958333,0.004265969
1759.041667,0.004148507
1759.125,0.004041178
1759.208333,0.003943118
1759.291667,0.003853534
1759.375,0.003771699
1759.458333,0.003696948
1759.541667,0.003628672
1759.625,0.003566313
1759.708333,0.003509359
1759.791667,0.003457342
1759.875,0.003409838
1759.958333,0.003366457
1760.041667,0.003326842
1760.125,0.003290667
1760.208333,0.003257633
1760.291667,0.003227466
1760.375,0.003199919
1760.458333,0.003174764
1760.541667,0.003151796
1760.625,0.003130823
1760.708333,0.003111671
1760.791667,0.003094183
1760.875,0.003078213
1760.958333,0.003063631
1761.041667,0.003050318
1761.125,0.003038161
1761.208333,0.003027061
1761.291667,0.003016924
1761.375,0.003007667
1761.458333,0.002999215
1761.541667,0.002991498
1761.625,0.002984452
1761.708333,0.002978018
1761.791667,0.002972143
1761.875,0.002966778
1761.958333,0.002961879
1762.041667,0.002957408
1762.125,0.027547388
1762.208333,0.044418634
1762.291667,0.055507844
1762.375,0.062296851
1762.458333,0.065916778
1762.541667,0.067228695
1762.625,0.066885971
1762.708333,0.065382356
1762.791667,0.06308906
1762.875,0.060283443
1762.958333,0.057171305
1763.041667,0.053904068
1763.125,0.050591826
1763.208333,0.04731324
1763.291667,0.044123158
1763.375,0.041058515
1763.458333,0.03814288
1763.541667,0.035390311
1763.625,0.032806621
1763.708333,0.030393142
1763.791667,0.028147442
1763.875,0.026064492
1763.958333,0.024137528
1764.041667,0.022358692
1764.125,0.02071951
1764.208333,0.01921124
1764.291667,0.017825123
1764.375,0.016552564
1764.458333,0.015385251
1764.541667,0.014315245
1764.625,0.013335024
1764.708333,0.012437513
1764.791667,0.011616084
1764.875,0.010864564
1764.958333,0.010177215
1765.041667,0.009548721
1765.125,0.008974168
1765.208333,0.008449021
1765.291667,0.007969104
1765.375,0.007530578
1765.458333,0.007129916
1765.541667,0.006763884
1765.625,0.006429514
1765.708333,0.006124088
1765.791667,0.005845114
1765.875,0.005590316
1765.958333,0.005357608
1766.041667,0.005145084
1766.125,0.004950998
1766.208333,0.004773754
1766.291667,0.004611894
1766.375,0.017329652
1766.458333,0.026020593
1766.541667,0.031698225
1766.625,0.035137032
1766.708333,0.036927719
1766.791667,0.037519797
1766.875,0.037254332
1766.958333,0.036389081
1767.041667,0.035117803
1767.125,0.03358522
1767.208333,0.031898535
1767.291667,0.030136374
1767.375,0.028355648
1767.458333,0.026596846
1767.541667,0.024888128
1767.625,0.023248408
1767.708333,0.021689709
1767.791667,0.020218953
1767.875,0.018839331
1767.958333,0.017551306
1768.041667,0.016353389
1768.125,0.015242731
1768.208333,0.014215583
1768.291667,0.013267634
1768.375,0.012394267
1768.458333,0.011590749
1768.541667,0.010852364
1768.625,0.010174509
1768.708333,0.009552743
1768.791667,0.008982836
1768.875,0.00846078
1768.958333,0.007982807
1769.041667,0.007545387
1769.125,0.007145222
1769.208333,0.006779247
1769.291667,0.006444621
1769.375,0.006138722
1769.458333,0.005859129
1769.541667,0.005603617
1769.625,0.00537014
1769.708333,0.005156822
1769.791667,0.004961939
1769.875,0.004783915
1769.958333,0.004621303
1770.041667,0.004472779
1770.125,0.007910898
1770.208333,0.010238516
1770.291667,0.011736619
1770.375,0.012619798
1770.458333,0.013051565
1770.541667,0.013156183
1770.625,0.013027793
1770.708333,0.012737448
1770.791667,0.012338517
1770.875,0.011870849
1770.958333,0.011363943
1771.041667,0.010839391
1771.125,0.010312766
1771.208333,0.00979508
1771.291667,0.009293916
1771.375,0.008814285
1771.458333,0.008359294
1771.541667,0.007930652
1771.625,0.007529052
1771.708333,0.007154458
1771.791667,0.006806314
1771.875,0.006483717
1771.958333,0.006185527
1772.041667,0.005910454
1772.125,0.00565713
1772.208333,0.005424154
1772.291667,0.005210135
1772.375,0.005013715
1772.458333,0.004833588
1772.541667,0.004668511
1772.625,0.004517312
1772.708333,0.004378889
1772.791667,0.004252215
1772.875,0.004136333
1772.958333,0.004030357
1773.041667,0.003933466
1773.125,0.003844899
1773.208333,0.003763953
1773.291667,0.003689982
1773.375,0.003622394
1773.458333,0.003560645
1773.541667,0.003504234
1773.625,0.003452704
1773.708333,0.003405634
1773.791667,0.003362641
1773.875,0.003323374
1773.958333,0.003287512
1774.041667,0.003254762
1774.125,0.003224854
1774.208333,0.003197542
1774.291667,0.003172599
1774.375,0.003149821
1774.458333,0.003129021
1774.541667,0.003110029
1774.625,0.003092686
1774.708333,0.003076849
1774.791667,0.003062387
1774.875,0.003049181
1774.958333,0.003037122
1775.041667,0.003026112
1775.125,0.00301606
1775.208333,0.00300688
1775.291667,0.002998497
1775.375,0.002990841
1775.458333,0.002983851
1775.541667,0.002977469
1775.625,0.002971643
1775.708333,0.002966322
1775.791667,0.002961463
1775.875,0.002957026
1775.958333,0.002952974
1776.041667,0.002949275
1776.125,0.002945899
1776.208333,0.002942816
1776.291667,0.002939999
1776.375,0.002937427
1776.458333,0.002935078
1776.541667,0.002932935
1776.625,0.002930978
1776.708333,0.002929191
1776.791667,0.002927559
1776.875,0.002926068
1776.958333,0.002924707
1777.041667,0.002923465
1777.125,0.002922332
1777.208333,0.002921296
1777.291667,0.00292035
1777.375,0.002919485
1777.458333,0.002918695
1777.541667,0.002917975
1777.625,0.002917319
1777.708333,0.002916719
1777.791667,0.00291617
1777.875,0.002915669
1777.958333,0.002915211
1778.041667,0.002914795
1778.125,0.002914415
1778.208333,0.002914067
1778.291667,0.002913749
1778.375,0.002913458
1778.458333,0.002913192
1778.541667,0.00291295
1778.625,0.00291273
1778.708333,0.002912529
1778.791667,0.002912344
1778.875,0.002912175
1778.958333,0.002912021
1779.041667,0.002911882
1779.125,0.002911755
1779.208333,0.002911639
1779.291667,0.002911531
1779.375,0.002911433
1779.458333,0.002911343
1779.541667,0.002911262
1779.625,0.002911189
1779.708333,0.002911122
1779.791667,0.002911059
1779.875,0.002911002
1779.958333,0.00291095
1780.041667,0.002910904
1780.125,0.002910862
1780.208333,0.002910823
1780.291667,0.002910786
1780.375,0.002910753
1780.458333,0.002910722
1780.541667,0.002910695
1780.625,0.002910671
1780.708333,0.002910648
1780.791667,0.002910627
1780.875,0.002910608
1780.958333,0.00291059
1781.041667,0.002910575
1781.125,0.002910561
1781.208333,0.002910549
1781.291667,0.002910536
1781.375,0.002910524
1781.458333,0.002910513
1781.541667,0.002910504
1781.625,0.002910497
1781.708333,0.00291049
1781.791667,0.002910482
1781.875,0.002910475
1781.958333,0.002910469
1782.041667,0.002910464
1782.125,0.002910461
1782.208333,0.002910457
1782.291667,0.002910453
1782.375,0.002910448
1782.458333,0.002910444
1782.541667,0.002910441
1782.625,0.002910438
1782.708333,0.002910436
1782.791667,0.002910433
1782.875,0.002910431
1782.958333,0.002910428
1783.041667,0.002910427
1783.125,0.002910427
1783.208333,0.002910426
1783.291667,0.002910424
1783.375,0.002910422
1783.458333,0.00291042
1783.541667,0.109153454
1783.625,0.171757879
1783.708333,0.206351559
1783.791667,0.229079116
1783.875,0.244017491
1783.958333,0.252351969
1784.041667,0.254800947
1784.125,0.252473966
1784.208333,0.246714151
1784.291667,0.238533407
1784.375,0.228563953
1784.458333,0.217363609
1784.541667,0.205503675
1784.625,0.193368557
1784.708333,0.180807975
1784.791667,0.167576954
1784.875,0.154988864
1784.958333,0.143103513
1785.041667,0.131949145
1785.125,0.121531085
1785.208333,0.11183837
1785.291667,0.102848764
1785.375,0.094532589
1785.458333,0.086855534
1785.541667,0.079780837
1785.625,0.073270736
1785.708333,0.067287536
1785.791667,0.06179428
1785.875,0.05675529
1785.958333,0.05213644
1786.041667,0.047905326
1786.125,0.04826887
1786.208333,0.047630272
1786.291667,0.046297191
1786.375,0.044500334
1786.458333,0.042411577
1786.541667,0.040157948
1786.625,0.037832348
1786.708333,0.035501789
1786.791667,0.033213705
1786.875,0.031000795
1786.958333,0.028884671
1787.041667,0.02687868
1787.125,0.024990038
1787.208333,0.023221501
1787.291667,0.021572623
1787.375,0.020040705
1787.458333,0.01862153
1787.541667,0.017309903
1787.625,0.016100044
1787.708333,0.014985873
1787.791667,0.013961225
1787.875,0.013019988
1787.958333,0.012156207
1788.041667,0.011364149
1788.125,0.010638344
1788.208333,0.009973624
1788.291667,0.009365127
1788.375,0.008808315
1788.458333,0.00829896
1788.541667,0.007833147
1788.625,0.007407253
1788.708333,0.007017934
1788.791667,0.006662111
1788.875,0.006336951
1788.958333,0.006039851
1789.041667,0.00576842
1789.125,0.005520462
1789.208333,0.005293962
1789.291667,0.005087075
1789.375,0.004898111
1789.458333,0.004725527
1789.541667,0.004567907
1789.625,0.004423959
1789.708333,0.004292499
1789.791667,0.004172446
1789.875,0.004062814
1789.958333,0.003962699
1790.041667,0.003871279
1790.125,0.003787799
1790.208333,0.00371157
1790.291667,0.00364196
1790.375,0.003578397
1790.458333,0.003520355
1790.541667,0.003467357
1790.625,0.003418963
1790.708333,0.003374773
1790.791667,0.003334422
1790.875,0.003297576
1790.958333,0.003263932
1791.041667,0.003233213
1791.125,0.003205163
1791.208333,0.003179551
1791.291667,0.003156163
1791.375,0.003134806
1791.458333,0.003115306
1791.541667,0.003097501
1791.625,0.003081243
1791.708333,0.003066399
1791.791667,0.003052843
1791.875,0.003040465
1791.958333,0.003029163
1792.041667,0.003018844
1792.125,0.003009422
1792.208333,0.003000818
1792.291667,0.002992962
1792.375,0.002985787
1792.458333,0.002979235
1792.541667,0.002973254
1792.625,0.002967794
1792.708333,0.002962808
1792.791667,0.002958254
1792.875,0.002954096
1792.958333,0.002950299
1793.041667,0.002946833
1793.125,0.002943669
1793.208333,0.002940779
1793.291667,0.00293814
1793.375,0.002935729
1793.458333,0.002933528
1793.541667,0.002931519
1793.625,0.002929685
1793.708333,0.002928011
1793.791667,0.002926481
1793.875,0.002925083
1793.958333,0.002923808
1794.041667,0.002922644
1794.125,0.002921582
1794.208333,0.002920612
1794.291667,0.002919724
1794.375,0.002918914
1794.458333,0.002918174
1794.541667,0.002917499
1794.625,0.002916884
1794.708333,0.002916322
1794.791667,0.002915807
1794.875,0.002915338
1794.958333,0.002914909
1795.041667,0.002914519
1795.125,0.002914162
1795.208333,0.002913837
1795.291667,0.002913538
1795.375,0.002913265
1795.458333,0.002913016
1795.541667,0.00291279
1795.625,0.002912584
1795.708333,0.002912395
1795.791667,0.002912222
1795.875,0.002912064
1795.958333,0.00291192
1796.041667,0.002911789
1796.125,0.006434385
1796.208333,0.008850761
1796.291667,0.010438889
1796.375,0.011411209
1796.458333,0.011929736
1796.541667,0.012117723
1796.625,0.012068664
1796.708333,0.011853235
1796.791667,0.011524627
1796.875,0.01112265
1796.958333,0.010676872
1797.041667,0.01020902
1797.125,0.013512833
1797.208333,0.015635162
1797.291667,0.016881938
1797.375,0.017486244
1797.458333,0.017625179
1797.541667,0.017432874
1797.625,0.017010516
1797.708333,0.01643408
1797.791667,0.015760267
1797.875,0.01503106
1797.958333,0.014277205
1798.041667,0.013520885
1798.125,0.012777785
1798.208333,0.012058692
1798.291667,0.011370728
1798.375,0.010718288
1798.458333,0.010103766
1798.541667,0.009528109
1798.625,0.008991225
1798.708333,0.008492295
1798.791667,0.008029997
1798.875,0.007602684
1798.958333,0.007208509
1799.041667,0.006845509
1799.125,0.00651168
1799.208333,0.006205027
1799.291667,0.005923603
1799.375,0.005665534
1799.458333,0.005429035
1799.541667,0.005212424
1799.625,0.005014121
1799.708333,0.00483265
1799.791667,0.004666638
1799.875,0.004514816
1799.958333,0.004376007
1800.041667,0.004249122
1800.125,0.004133159
1800.208333,0.00402719
1800.291667,0.003930366
1800.375,0.003841905
1800.458333,0.003761092
1800.541667,0.003687272
1800.625,0.003619844
1800.708333,0.003558256
1800.791667,0.003502004
1800.875,0.003450629
1800.958333,0.003403712
1801.041667,0.003360866
1801.125,0.003321739
1801.208333,0.003286009
1801.291667,0.003253379
1801.375,0.003223583
1801.458333,0.003196373
1801.541667,0.003171528
1801.625,0.003148842
1801.708333,0.003128126
1801.791667,0.003109208
1801.875,0.003091933
1801.958333,0.003076159
1802.041667,0.003061757
1802.125,0.003048607
1802.208333,0.003036599
1802.291667,0.003025633
1802.375,0.00301562
1802.458333,0.003006477
1802.541667,0.002998129
1802.625,0.002990507
1802.708333,0.002983547
1802.791667,0.002977191
1802.875,0.002971387
1802.958333,0.002966088
1803.041667,0.00296125
1803.125,0.002956833
1803.208333,0.002952799
1803.291667,0.002949115
1803.375,0.00294575
1803.458333,0.002942679
1803.541667,0.002939875
1803.625,0.002937315
1803.708333,0.002934977
1803.791667,0.002932842
1803.875,0.002930892
1803.958333,0.002929112
1804.041667,0.002927487
1804.125,0.002926004
1804.208333,0.002924649
1804.291667,0.002923411
1804.375,0.00292228
1804.458333,0.002921248
1804.541667,0.002920306
1804.625,0.002919447
1804.708333,0.002918662
1804.791667,0.002917945
1804.875,0.002917289
1804.958333,0.002916691
1805.041667,0.002916145
1805.125,0.002915648
1805.208333,0.002915193
1805.291667,0.002914777
1805.375,0.002914397
1805.458333,0.002914049
1805.541667,0.002913733
1805.625,0.002913445
1805.708333,0.002913181
1805.791667,0.00291294
1805.875,0.00291272
1805.958333,0.002912519
1806.041667,0.002912336
1806.125,0.002912169
1806.208333,0.002912017
1806.291667,0.002911877
1806.375,0.002911749
1806.458333,0.002911631
1806.541667,0.002911525
1806.625,0.002911429
1806.708333,0.002911341
1806.791667,0.00291126
1806.875,0.002911185
1806.958333,0.002911117
1807.041667,0.002911056
1807.125,0.002911001
1807.208333,0.00291095
1807.291667,0.002910903
1807.375,0.002910859
1807.458333,0.002910819
1807.541667,0.002910783
1807.625,0.002910752
1807.708333,0.002910722
1807.791667,0.002910695
1807.875,0.002910669
1807.958333,0.002910646
1808.041667,0.002910626
1808.125,0.002910608
1808.208333,0.002910592
1808.291667,0.002910576
1808.375,0.00291056
1808.458333,0.002910546
1808.541667,0.002910534
1808.625,0.002910524
1808.708333,0.002910515
1808.791667,0.002910505
1808.875,0.002910496
1808.958333,0.002910488
1809.041667,0.002910483
1809.125,0.101184652
1809.208333,0.165808168
1809.291667,0.205517084
1809.375,0.230681213
1809.458333,0.24536764
1809.541667,0.252303561
1809.625,0.253502841
1809.708333,0.250308137
1809.791667,0.243217414
1809.875,0.232093748
1809.958333,0.219663624
1810.041667,0.20661348
1810.125,0.19338323
1810.208333,0.180287167
1810.291667,0.167544397
1810.375,0.155302508
1810.458333,0.143655673
1810.541667,0.132659336
1810.625,0.122338009
1810.708333,0.112696847
1810.791667,0.103726024
1810.875,0.095405365
1810.958333,0.087707793
1811.041667,0.080601883
1811.125,0.074053787
1811.208333,0.068028604
1811.291667,0.062491355
1811.375,0.057407732
1811.458333,0.052744553
1811.541667,0.048470106
1811.625,0.04455435
1811.708333,0.040969015
1811.791667,0.037687623
1811.875,0.034685499
1811.958333,0.031939714
1812.041667,0.029429034
1812.125,0.027133821
1812.208333,0.025035971
1812.291667,0.023118803
1812.375,0.021366983
1812.458333,0.019766425
1812.541667,0.018304201
1812.625,0.016968465
1812.708333,0.015748351
1812.791667,0.014633917
1812.875,0.013616058
1812.958333,0.012686445
1813.041667,0.011837457
1813.125,0.011062123
1813.208333,0.010354071
1813.291667,0.009707473
1813.375,0.009117007
1813.458333,0.008577808
1813.541667,0.008085432
1813.625,0.007635816
1813.708333,0.007225251
1813.791667,0.006850347
1813.875,0.006508009
1813.958333,0.006195411
1814.041667,0.005909972
1814.125,0.005649331
1814.208333,0.005411336
1814.291667,0.005194019
1814.375,0.004995582
1814.458333,0.004814389
1814.541667,0.00464894
1814.625,0.004497868
1814.708333,0.004359922
1814.791667,0.004233963
1814.875,0.004118948
1814.958333,0.004013928
1815.041667,0.003918034
1815.125,0.003830474
1815.208333,0.003750523
1815.291667,0.003677518
1815.375,0.144691519
1815.458333,0.2267848
1815.541667,0.281814376
1815.625,0.317934911
1815.708333,0.339294036
1815.791667,0.350921247
1815.875,0.355701345
1815.958333,0.354317625
1816.041667,0.346556421
1816.125,0.333901047
1816.208333,0.318009634
1816.291667,0.299267879
1816.375,0.280033256
1816.458333,0.260989928
1816.541667,0.242457247
1816.625,0.224650684
1816.708333,0.207708034
1816.791667,0.191709505
1816.875,0.176692971
1816.958333,0.162665731
1817.041667,0.149613459
1817.125,0.137506837
1817.208333,0.126306534
1817.291667,0.115966894
1817.375,0.106438708
1817.458333,0.097671222
1817.541667,0.089613612
1817.625,0.082215992
1817.708333,0.075430157
1817.791667,0.069209996
1817.875,0.063511805
1817.958333,0.05829443
1818.041667,0.053519352
1818.125,0.049150648
1818.208333,0.045154952
1818.291667,0.041501359
1818.375,0.038161304
1818.458333,0.035108437
1818.541667,0.032318501
1818.625,0.029769181
1818.708333,0.027439982
1818.791667,0.025312098
1818.875,0.023368281
1818.958333,0.021592727
1819.041667,0.019970964
1819.125,0.018489741
1819.208333,0.017136934
1819.291667,0.015901451
1819.375,0.01477315
1819.458333,0.013742758
1819.541667,0.012801799
1819.625,0.011942528
1819.708333,0.011157862
1819.791667,0.010441333
1819.875,0.009787031
1819.958333,0.009189558
1820.041667,0.008643983
1820.125,0.008145801
1820.208333,0.007690896
1820.291667,0.007275511
1820.375,0.006896213
1820.458333,0.006549871
1820.541667,0.00623362
1820.625,0.005944849
1820.708333,0.005681168
1820.791667,0.005440399
1820.875,0.005220549
1820.958333,0.005019804
1821.041667,0.004836503
1821.125,0.007477131
1821.208333,0.009250588
1821.291667,0.010376999
1821.375,0.011024515
1821.458333,0.011321308
1821.541667,0.011364777
1821.625,0.011228651
1821.708333,0.010968492
1821.791667,0.010625937
1821.875,0.010231976
1821.958333,0.009809483
1822.041667,0.00937516
1822.125,0.00894104
1822.208333,0.008515615
1822.291667,0.008104722
1822.375,0.007712205
1822.458333,0.007340422
1822.541667,0.006990623
1822.625,0.006663253
1822.708333,0.006358173
1822.791667,0.006074865
1822.875,0.016119529
1822.958333,0.022949199
1823.041667,0.027374678
1823.125,0.030015579
1823.208333,0.031344601
1823.291667,0.031721415
1823.375,0.031418755
1823.458333,0.030642556
1823.541667,0.029547551
1823.625,0.028249249
1823.708333,0.026833166
1823.791667,0.025361908
1823.875,0.023880666
1823.958333,0.022421497
1824.041667,0.021006636
1824.125,0.019650955
1824.208333,0.018363811
1824.291667,0.017150723
1824.375,0.016013606
1824.458333,0.014952512
1824.541667,0.013965982
1824.625,0.013051535
1824.708333,0.012206004
1824.791667,0.011425803
1824.875,0.010707118
1824.958333,0.010046045
1825.041667,0.009438688
1825.125,0.008881231
1825.208333,0.008369995
1825.291667,0.007901465
1825.375,0.007472316
1825.458333,0.007079424
1825.541667,0.00671987
1825.625,0.006390936
1825.708333,0.006090104
1825.791667,0.00581504
1825.875,0.005563591
1825.958333,0.005333775
1826.041667,0.005123762
1826.125,0.004931871
1826.208333,0.004756555
1826.291667,0.004596396
1826.375,0.004450094
1826.458333,0.004316458
1826.541667,0.004194398
1826.625,0.004082917
1826.708333,0.003981101
1826.791667,0.003888114
1826.875,0.003803194
1826.958333,0.003725645
1827.041667,0.003654828
1827.125,0.00359016
1827.208333,0.003531107
1827.291667,0.00347718
1827.375,0.003427937
1827.458333,0.003382971
1827.541667,0.003341912
1827.625,0.00330442
1827.708333,0.003270184
1827.791667,0.003238922
1827.875,0.003210376
1827.958333,0.00318431
1828.041667,0.00316051
1828.125,0.003138778
1828.208333,0.003118934
1828.291667,0.003100814
1828.375,0.003084267
1828.458333,0.003069159
1828.541667,0.003055364
1828.625,0.003042768
1828.708333,0.003031267
1828.791667,0.003020765
1828.875,0.003011174
1828.958333,0.003002417
1829.041667,0.002994422
1829.125,0.002987123
1829.208333,0.002980458
1829.291667,0.00297437
1829.375,0.00296881
1829.458333,0.002963735
1829.541667,0.002959101
1829.625,0.00295487
1829.708333,0.002951007
1829.791667,0.002947479
1829.875,0.002944257
1829.958333,0.002941315
1830.041667,0.00293863
1830.125,0.002936179
1830.208333,0.00293394
1830.291667,0.002931895
1830.375,0.002930027
1830.458333,0.002928321
1830.541667,0.002926765
1830.625,0.002925344
1830.708333,0.002924047
1830.791667,0.002922862
1830.875,0.002921779
1830.958333,0.00292079
1831.041667,0.002919891
1831.125,0.069149539
1831.208333,0.114591203
1831.291667,0.144460292
1831.375,0.162052085
1831.458333,0.171097927
1831.541667,0.174517674
1831.625,0.174198262
1831.708333,0.17103372
1831.791667,0.164903855
1831.875,0.157355172
1831.958333,0.14898059
1832.041667,0.14018744
1832.125,0.131272166
1832.208333,0.122446762
1832.291667,0.11385913
1832.375,0.105608907
1832.458333,0.097759698
1832.541667,0.090352061
1832.625,0.083397674
1832.708333,0.076900656
1832.791667,0.070854841
1832.875,0.065246965
1832.958333,0.060058982
1833.041667,0.055269845
1833.125,0.050856778
1833.208333,0.046796239
1833.291667,0.043064618
1833.375,0.039638719
1833.458333,0.036496137
1833.541667,0.033615475
1833.625,0.030976483
1833.708333,0.028560119
1833.791667,0.026348565
1833.875,0.024325217
1833.958333,0.022474644
1834.041667,0.020782541
1834.125,0.019235677
1834.208333,0.017821845
1834.291667,0.016529797
1834.375,0.015349187
1834.458333,0.014270514
1834.541667,0.013285065
1834.625,0.01238485
1834.708333,0.011562552
1834.791667,0.010811471
1834.875,0.010125476
1834.958333,0.009498955
1835.041667,0.008926776
1835.125,0.056775943
1835.208333,0.089488436
1835.291667,0.11086947
1835.375,0.123830034
1835.458333,0.130591639
1835.541667,0.13284498
1835.625,0.131872438
1835.708333,0.128642728
1835.791667,0.123883608
1835.875,0.118138517
1835.958333,0.111810261
1836.041667,0.105194951
1836.125,0.098507536
1836.208333,0.091901322
1836.291667,0.085482869
1836.375,0.079323661
1836.458333,0.073468963
1836.541667,0.067945582
1836.625,0.062763804
1836.708333,0.057925448
1836.791667,0.053425012
1836.875,0.049251923
1836.958333,0.045392258
1837.041667,0.041829994
1837.125,0.038547938
1837.208333,0.035528418
1837.291667,0.032753766
1837.375,0.030206669
1837.458333,0.027870414
1837.541667,0.025729044
1837.625,0.023767469
1837.708333,0.021971486
1837.791667,0.020327818
1837.875,0.018824083
1837.958333,0.017448789
1838.041667,0.016191286
1838.125,0.015041731
1838.208333,0.013991047
1838.291667,0.013030872
1838.375,0.012153519
1838.458333,0.01135193
1838.541667,0.010619628
1838.625,0.009950675
1838.708333,0.00933963
1838.791667,0.008781512
1838.875,0.00827176
1838.958333,0.007806204
1839.041667,0.00738103
1839.125,0.006992743
1839.208333,0.006638151
1839.291667,0.006314338
1839.375,0.006018634
1839.458333,0.005748606
1839.541667,0.005502026
1839.625,0.005276861
1839.708333,0.005071253
1839.791667,0.004883503
1839.875,0.004712061
1839.958333,0.004555514
1840.041667,0.004412568
1840.125,0.004282042
1840.208333,0.004162856
1840.291667,0.004054024
1840.375,0.003954649
1840.458333,0.003863908
1840.541667,0.003781052
1840.625,0.003705397
1840.708333,0.003636315
1840.791667,0.003573235
1840.875,0.003515636
1840.958333,0.003463042
1841.041667,0.00341502
1841.125,0.003371171
1841.208333,0.003331132
1841.291667,0.003294572
1841.375,0.003261187
1841.458333,0.003230704
1841.541667,0.003202871
1841.625,0.003177457
1841.708333,0.003154251
1841.791667,0.003133062
1841.875,0.003113713
1841.958333,0.003096045
1842.041667,0.003079914
1842.125,0.003065186
1842.208333,0.003051736
1842.291667,0.003039455
1842.375,0.003028239
1842.458333,0.003017999
1842.541667,0.00300865
1842.625,0.003000114
1842.708333,0.002992319
1842.791667,0.002985201
1842.875,0.0029787
1842.958333,0.002972765
1843.041667,0.002967347
1843.125,0.0029624
1843.208333,0.002957883
1843.291667,0.002953757
1843.375,0.002949989
1843.458333,0.002946549
1843.541667,0.002943409
1843.625,0.002940542
1843.708333,0.002937924
1843.791667,0.002935533
1843.875,0.002933348
1843.958333,0.002931355
1844.041667,0.002929535
1844.125,0.002927874
1844.208333,0.002926357
1844.291667,0.002924971
1844.375,0.002923704
1844.458333,0.002922548
1844.541667,0.002921494
1844.625,0.002920531
1844.708333,0.002919652
1844.791667,0.002918849
1844.875,0.002918115
1844.958333,0.002917445
1845.041667,0.002916834
1845.125,0.002916277
1845.208333,0.002915767
1845.291667,0.002915301
1845.375,0.002914875
1845.458333,0.002914486
1845.541667,0.002914132
1845.625,0.002913809
1845.708333,0.002913514
1845.791667,0.002913244
1845.875,0.002912997
1845.958333,0.002912771
1846.041667,0.002912567
1846.125,0.007864603
1846.208333,0.011261519
1846.291667,0.013494089
1846.375,0.014860961
1846.458333,0.01558989
1846.541667,0.015854151
1846.625,0.015785175
1846.708333,0.015482316
1846.791667,0.015020351
1846.875,0.014455248
1846.958333,0.013828565
1847.041667,0.013170853
1847.125,0.012504256
1847.208333,0.011844562
1847.291667,0.01120275
1847.375,0.010586204
1847.458333,0.009999622
1847.541667,0.009445737
1847.625,0.008925843
1847.708333,0.008440189
1847.791667,0.007988286
1847.875,0.007569129
1847.958333,0.007181372
1848.041667,0.006823438
1848.125,0.006493621
1848.208333,0.006190157
1848.291667,0.005911279
1848.375,0.005655251
1848.458333,0.005420397
1848.541667,0.005205116
1848.625,0.005007895
1848.708333,0.00482731
1848.791667,0.004662029
1848.875,0.004510813
1848.958333,0.00437251
1849.041667,0.004246052
1849.125,0.00413045
1849.208333,0.00402479
1849.291667,0.003928232
1849.375,0.003840001
1849.458333,0.003759387
1849.541667,0.003685742
1849.625,0.003618467
1849.708333,0.003557014
1849.791667,0.003500882
1849.875,0.003449615
1849.958333,0.003402792
1850.041667,0.003360031
1850.125,0.00332008
1850.208333,0.003283557
1850.291667,0.003250188
1850.375,0.003219577
1850.458333,0.003191873
1850.541667,0.003166785
1850.625,0.003144799
1850.708333,0.003124053
1850.791667,0.003105143
1850.875,0.003087058
1850.958333,0.003070085
1851.041667,0.003055639
1851.125,0.003042437
1851.208333,0.003029737
1851.291667,0.003018184
1851.375,0.003007126
1851.458333,0.002998041
1851.541667,0.002990261
1851.625,0.002985475
1851.708333,0.002978944
1851.791667,0.002972956
1851.875,0.003031726
1851.958333,0.003096826
1852.041667,0.003171177
1852.125,0.00325295
1852.208333,0.003336726
1852.291667,0.003343582
1852.375,0.003350425
1852.458333,0.003365917
1852.541667,0.003373152
1852.625,0.003390974
1852.708333,0.003408034
1852.791667,0.003428468
1852.875,0.003333095
1852.958333,0.003235903
1853.041667,0.00313562
1853.125,0.003028997
1853.208333,0.002913612
1853.291667,0.00291112
1853.375,0.009396416
1853.458333,0.013828031
1853.541667,0.016724941
1853.625,0.018488108
1853.708333,0.019409081
1853.791667,0.019722902
1853.875,0.019599506
1853.958333,0.019172675
1854.041667,0.018547149
1854.125,0.017790768
1854.208333,0.016955462
1854.291667,0.016083672
1854.375,0.015202039
1854.458333,0.01433581
1854.541667,0.013496784
1854.625,0.01269924
1854.708333,0.011935331
1854.791667,0.01121546
1854.875,0.010536225
1854.958333,0.009901232
1855.041667,0.009317735
1855.125,0.008777405
1855.208333,0.008275608
1855.291667,0.007813733
1855.375,0.007387075
1855.458333,0.006999411
1855.541667,0.006645626
1855.625,0.006329406
1855.708333,0.006031774
1855.791667,0.005759267
1855.875,0.005504014
1855.958333,0.005268398
1856.041667,0.005060432
1856.125,0.004870212
1856.208333,0.004693049
1856.291667,0.004531863
1856.375,0.004382569
1856.458333,0.00425132
1856.541667,0.004133763
1856.625,0.004035966
1856.708333,0.003937248
1856.791667,0.009427003
1856.875,0.013147575
1856.958333,0.015551645
1857.041667,0.016992114
1857.125,0.017719051
1857.208333,0.017925884
1857.291667,0.017766622
1857.375,0.017350152
1857.458333,0.016768931
1857.541667,0.016081652
1857.625,0.015342596
1857.708333,0.0145627
1857.791667,0.013778121
1857.875,0.0129982
1857.958333,0.012240597
1858.041667,0.011526273
1858.125,0.01084884
1858.208333,0.010206787
1858.291667,0.009606896
1858.375,0.009045365
1858.458333,0.008530928
1858.541667,0.008057809
1858.625,0.007633411
1858.708333,0.00722991
1858.791667,0.006858617
1858.875,0.006508506
1858.958333,0.006184025
1859.041667,0.005897921
1859.125,0.00563549
1859.208333,0.005390226
1859.291667,0.00516682
1859.375,0.004959473
1859.458333,0.004777437
1859.541667,0.004614408
1859.625,0.00447931
1859.708333,0.004342046
1859.791667,0.004216489
1859.875,0.00409169
1859.958333,0.003974025
1860.041667,0.003879122
1860.125,0.003791942
1860.208333,0.003706661
1860.291667,0.003629805
1860.375,0.003556182
1860.458333,0.0034972
1860.541667,0.003446958
1860.625,0.003416316
1860.708333,0.003372944
1860.791667,0.003333059
1860.875,0.003285388
1860.958333,0.003237714
1861.041667,0.003207961
1861.125,0.003180102
1861.208333,0.003165434
1861.291667,0.003951394
1861.375,0.006028701
1861.458333,0.008135986
1861.541667,0.009416975
1861.625,0.01019574
1861.708333,0.010636296
1861.791667,0.010847634
1861.875,0.010868734
1861.958333,0.010684703
1862.041667,0.028057204
1862.125,0.039940765
1862.208333,0.04774351
1862.291667,0.052462354
1862.375,0.054889751
1862.458333,0.055608317
1862.541667,0.054991738
1862.625,0.053381708
1862.708333,0.051084982
1862.791667,0.048483673
1862.875,0.045750757
1862.958333,0.042891307
1863.041667,0.03998199
1863.125,0.03727694
1863.208333,0.034778821
1863.291667,0.032399145
1863.375,0.030141433
1863.458333,0.028021703
1863.541667,0.026002757
1863.625,0.024097919
1863.708333,0.022283587
1863.791667,0.020620621
1863.875,0.019090664
1863.958333,0.017577172
1864.041667,0.016094757
1864.125,0.014848288
1864.208333,0.013812283
1864.291667,0.012866171
1864.375,0.011996139
1864.458333,0.011211719
1864.541667,0.010491116
1864.625,0.009845079
1864.708333,0.009228164
1864.791667,0.008667927
1864.875,0.008144546
1864.958333,0.007577123
1865.041667,0.006991508
1865.125,0.006541449
1865.208333,0.006208864
1865.291667,0.005907072
1865.375,0.00562677
1865.458333,0.005383422
1865.541667,0.005166875
1865.625,0.004991882
1865.708333,0.004809466
1865.791667,0.004642731
1865.875,0.004474176
1865.958333,0.00431428
1866.041667,0.004188715
1866.125,0.004073125
1866.208333,0.003958713
1866.291667,0.003855953
1866.375,0.003756761
1866.458333,0.003679305
1866.541667,0.00361434
1866.625,0.003578997
1866.708333,0.003522357
1866.791667,0.003470226
1866.875,0.003405035
1866.958333,0.003339124
1867.041667,0.003300771
1867.125,0.003264382
1867.208333,0.003221385
1867.291667,0.003183792
1867.375,0.003143641
1867.458333,0.003120775
1867.541667,0.003105902
1867.625,0.003117655
1867.708333,0.003102401
1867.791667,0.003087946
1867.875,0.003056003
1867.958333,0.003019994
1868.041667,0.003010245
1868.125,0.002999777
1868.208333,0.002979807
1868.291667,0.002963292
1868.375,0.002942008
1868.458333,0.002937133
1868.541667,0.002939006
1868.625,0.002967477
1868.708333,0.002965927
1868.791667,0.002963929
1868.875,0.002942256
1868.958333,0.00291521
1869.041667,0.002915
1869.125,0.002913079
1869.208333,0.002900308
1869.291667,0.002890452
1869.375,0.002874898
1869.458333,0.002876048
1869.541667,0.002883769
1869.625,0.002919039
1869.708333,0.002922147
1869.791667,0.002924368
1869.875,0.002905454
1869.958333,0.002880531
1870.041667,0.002883634
1870.125,0.002884589
1870.208333,0.002873845
1870.291667,0.002865937
1870.375,0.002851828
1870.458333,0.002855096
1870.541667,0.00286511
1870.625,0.002903946
1870.708333,0.002908761
1870.791667,0.002912514
1870.875,0.002893908
1870.958333,0.002868871
1871.041667,0.00287326
1871.125,0.002875238
1871.208333,0.002864833
1871.291667,0.002857338
1871.375,0.002843272
1871.458333,0.002847387
1871.541667,0.002858539
1871.625,0.002899891
1871.708333,0.002905451
1871.791667,0.002909863
1871.875,0.002890762
1871.958333,0.002864881
1872.041667,0.0028699
1872.125,0.002872297
1872.208333,0.00286168
1872.291667,0.002854094
1872.375,0.002839615
1872.458333,0.002844162
1872.541667,0.002856078
1872.625,0.002899615
1872.708333,0.002905605
1872.791667,0.002910389
1872.875,0.004125981
1872.958333,0.005352912
1873.041667,0.006626112
1873.125,0.011187616
1873.208333,0.014649905
1873.291667,0.016054612
1873.375,0.016888053
1873.458333,0.017416189
1873.541667,0.017513041
1873.625,0.017522843
1873.708333,0.017382595
1873.791667,0.017179782
1873.875,0.015456226
1873.958333,0.013743226
1874.041667,0.012024782
1874.125,0.010287338
1874.208333,0.008521522
1874.291667,0.008090326
1874.375,0.007670069
1874.458333,0.007291809
1874.541667,0.006944393
1874.625,0.006654868
1874.708333,0.006347633
1874.791667,0.006061935
1874.875,0.005771359
1874.958333,0.005494013
1875.041667,0.005271963
1875.125,0.005065334
1875.208333,0.004861215
1875.291667,0.00467671
1875.375,0.006218052
1875.458333,0.007245724
1875.541667,0.007885377
1875.625,0.008270048
1875.708333,0.008400948
1875.791667,0.00838001
1875.875,0.008226068
1875.958333,0.007993166
1876.041667,0.007751774
1876.125,0.007480228
1876.208333,0.007180111
1876.291667,0.006880376
1876.375,0.006576267
1876.458333,0.006303181
1876.541667,0.00605061
1876.625,0.005849178
1876.708333,0.005617995
1876.791667,0.005400773
1876.875,0.005169743
1876.958333,0.004945368
1877.041667,0.004774095
1877.125,0.004613113
1877.208333,0.004449155
1877.291667,0.00430129
1877.375,0.004156533
1877.458333,0.004045839
1877.541667,0.00395421
1877.625,0.003910611
1877.708333,0.003829051
1877.791667,0.00375383
1877.875,0.003655405
1877.958333,0.003554758
1878.041667,0.003500198
1878.125,0.003447303
1878.208333,0.003382672
1878.291667,0.003326526
1878.375,0.003265846
1878.458333,0.003233209
1878.541667,0.003213569
1878.625,0.003237442
1878.708333,0.003216006
1878.791667,0.003195745
1878.875,0.003146401
1878.958333,0.003090152
1879.041667,0.003077572
1879.125,0.003062787
1879.208333,0.003032291
1879.291667,0.003007364
1879.375,0.002974806
1879.458333,0.002968613
1879.541667,0.002973458
1879.625,0.003021167
1879.708333,0.003019811
1879.791667,0.003017826
1879.875,0.003522118
1879.958333,0.004024801
1880.041667,0.004576528
1880.125,0.00513493
1880.208333,0.005655979
1880.291667,0.005623806
1880.375,0.005587355
1880.458333,0.005618715
1880.541667,0.005602695
1880.625,0.005672202
1880.708333,0.005707384
1880.791667,0.005758492
1880.875,0.005715293
1880.958333,0.005694402
1881.041667,0.005715192
1881.125,0.00573757
1881.208333,0.005712622
1881.291667,0.005682581
1881.375,0.005647831
1881.458333,0.005682852
1881.541667,0.005668746
1881.625,0.005742809
1881.708333,0.005781055
1881.791667,0.005835577
1881.875,0.005218245
1881.958333,0.004616372
1882.041667,0.004052252
1882.125,0.003478773
1882.208333,0.002877699
1882.291667,0.002866331
1882.375,0.002845137
1882.458333,0.00285176
1882.541667,0.00286949
1882.625,0.00293358
1882.708333,0.002942194
1882.791667,0.002949271
1882.875,0.002920221
1882.958333,0.002880753
1883.041667,0.002889381
1883.125,0.002893163
1883.208333,0.002877059
1883.291667,0.00286568
1883.375,0.002844154
1883.458333,0.002851304
1883.541667,0.002869928
1883.625,0.003973698
1883.708333,0.07082545
1883.791667,0.11374498
1883.875,0.126120511
1883.958333,0.130171868
1884.041667,0.130883389
1884.125,0.129952457
1884.208333,0.126877133
1884.291667,0.123590695
1884.375,0.120144161
1884.458333,0.116496762
1884.541667,0.1121517
1884.625,0.107059068
1884.708333,0.101084523
1884.791667,0.094675669
1884.875,0.087960176
1884.958333,0.081451111
1885.041667,0.07484412
1885.125,0.068406914
1885.208333,0.062281654
1885.291667,0.056619262
1885.375,0.051509986
1885.458333,0.047187926
1885.541667,0.042933381
1885.625,0.038797237
1885.708333,0.034878972
1885.791667,0.031343416
1885.875,0.028139163
1885.958333,0.025372935
1886.041667,0.022729134
1886.125,0.020494278
1886.208333,0.018541284
1886.291667,0.016821476
1886.375,0.015360978
1886.458333,0.01441608
1886.541667,0.015952706
1886.625,0.018133857
1886.708333,0.019923106
1886.791667,0.021026837
1886.875,0.021399479
1886.958333,0.021033807
1887.041667,0.018875545
1887.125,0.018160448
1887.208333,0.017671893
1887.291667,0.017189041
1887.375,0.016654069
1887.458333,0.016019581
1887.541667,0.015101308
1887.625,0.013870089
1887.708333,0.012394903
1887.791667,0.011093201
1887.875,0.010023367
1887.958333,0.008968132
1888.041667,0.007926957
1888.125,0.007276534
1888.208333,0.006927694
1888.291667,0.006644366
1888.375,0.006389648
1888.458333,0.006183214
1888.541667,0.005963231
1888.625,0.005747748
1888.708333,0.005445636
1888.791667,0.00518616
1888.875,0.004648824
1888.958333,0.003871882
1889.041667,0.003507388
1889.125,0.003457372
1889.208333,0.003388521
1889.291667,0.003329943
1889.375,0.003263646
1889.458333,0.003235177
1889.541667,0.003224105
1889.625,0.003273271
1889.708333,0.003256409
1889.791667,0.003240449
1889.875,0.003182189
1889.958333,0.003113118
1890.041667,0.003105609
1890.125,0.003527924
1890.208333,0.003785239
1890.291667,0.003944685
1890.375,0.004016036
1890.458333,0.004067429
1890.541667,0.004094112
1890.625,0.014779806
1890.708333,0.024031953
1890.791667,0.026111102
1890.875,0.027705666
1890.958333,0.029534187
1891.041667,0.027739872
1891.125,0.025915071
1891.208333,0.02364628
1891.291667,0.022089143
1891.375,0.020339644
1891.458333,0.019329781
1891.541667,0.017705769
1891.625,0.017083621
1891.708333,0.016463445
1891.791667,0.015690736
1891.875,0.014850001
1891.958333,0.013733036
1892.041667,0.012956172
1892.125,0.012343835
1892.208333,0.011266487
1892.291667,0.010660725
1892.375,0.009971499
1892.458333,0.009511458
1892.541667,0.008813108
1892.625,0.008733956
1892.708333,0.008333489
1892.791667,0.00815621
1892.875,0.007819822
1892.958333,0.00717242
1893.041667,0.00303636
1893.125,0.003032953
1893.208333,0.003003801
1893.291667,0.0029818
1893.375,0.002947479
1893.458333,0.002951471
1893.541667,0.002971752
1893.625,0.003056027
1893.708333,0.003063896
1893.791667,0.00307049
1893.875,0.00302776
1893.958333,0.002970925
1894.041667,0.002980857
1894.125,0.002983695
1894.208333,0.002959519
1894.291667,0.002942157
1894.375,0.002911722
1894.458333,0.002920092
1894.541667,0.002944822
1894.625,0.003034813
1894.708333,0.003046037
1894.791667,0.003055696
1894.875,0.003014481
1894.958333,0.002958535
1895.041667,0.002970877
1895.125,0.002975695
1895.208333,0.002952625
1895.291667,0.002936388
1895.375,0.002906657
1895.458333,0.002916527
1895.541667,0.002943107
1895.625,0.003036472
1895.708333,0.003048908
1895.791667,0.003059705
1895.875,0.003018247
1895.958333,0.002961594
1896.041667,0.00297491
1896.125,0.00298041
1896.208333,0.002957264
1896.291667,0.002941086
1896.375,0.002911101
1896.458333,0.0029216
1896.541667,0.002949253
1896.625,0.003045299
1896.708333,0.003058312
1896.791667,0.003069665
1896.875,0.003027433
1896.958333,0.00296959
1897.041667,0.002983454
1897.125,0.002989244
1897.208333,0.002965668
1897.291667,0.002949233
1897.375,0.002918703
1897.458333,0.002929579
1897.541667,0.00295808
1897.625,0.003056623
1897.708333,0.003070017
1897.791667,0.003081767
1897.875,0.003038598
1897.958333,0.002979415
1898.041667,0.002993697
1898.125,0.002999673
1898.208333,0.002975554
1898.291667,0.002958766
1898.375,0.002927606
1898.458333,0.002938789
1898.541667,0.002968077
1898.625,0.003069076
1898.708333,0.003082802
1898.791667,0.003094897
1898.875,0.003050746
1898.958333,0.002990169
1899.041667,0.003004838
1899.125,0.00301096
1899.208333,0.002986268
1899.291667,0.002969096
1899.375,0.002937283
1899.458333,0.002948746
1899.541667,0.002978814
1899.625,0.003082275
1899.708333,0.003096322
1899.791667,0.003108758
1899.875,0.003063597
1899.958333,0.003001608
1900.041667,0.003016651
1900.125,0.003022909
1900.208333,0.002997633
1900.291667,0.002980065
1900.375,0.002947593
1900.458333,0.002959337
1900.541667,0.002990189
1900.625,0.003096128
1900.708333,0.003110486
1900.791667,0.003123262
1900.875,0.003077088
1900.958333,0.003013672
1901.041667,0.003028891
1901.125,0.003035077
1901.208333,0.003009126
1901.291667,0.002991113
1901.375,0.002958115
1901.458333,0.002969943
1901.541667,0.003001137
1901.625,0.003108027
1901.708333,0.003122175
1901.791667,0.003134739
1901.875,0.003088016
1901.958333,0.003024121
1902.041667,0.003039393
1902.125,0.003045577
1902.208333,0.003019521
1902.291667,0.003001441
1902.375,0.002968407
1902.458333,0.00298027
1902.541667,0.003011632
1902.625,0.003118917
1902.708333,0.003285276
1902.791667,0.017789292
1902.875,0.055787468
1902.958333,0.076998473
1903.041667,0.063529015
1903.125,0.053693146
1903.208333,0.055160073
1903.291667,0.055067389
1903.375,0.053766405
1903.458333,0.051772814
1903.541667,0.049357152
1903.625,0.047332926
1903.708333,0.045590833
1903.791667,0.044031487
1903.875,0.042017905
1903.958333,0.041795085
1904.041667,0.043376382
1904.125,0.041370637
1904.208333,0.036747681
1904.291667,0.032681137
1904.375,0.029192664
1904.458333,0.026496625
1904.541667,0.024151096
1904.625,0.022321544
1904.708333,0.020674341
1904.791667,0.019275879
1904.875,0.01790167
1904.958333,0.016052257
1905.041667,0.013885188
1905.125,0.012272869
1905.208333,0.01124679
1905.291667,0.01036419
1905.375,0.009588169
1905.458333,0.008988215
1905.541667,0.008443386
1905.625,0.008030848
1905.708333,0.007568408
1905.791667,0.007175629
1905.875,0.006765154
1905.958333,0.005983963
1906.041667,0.004959127
1906.125,0.004384828
1906.208333,0.004209036
1906.291667,0.004060119
1906.375,0.003912827
1906.458333,0.003828183
1906.541667,0.003769166
1906.625,0.003797531
1906.708333,0.003739727
1906.791667,0.003690761
1906.875,0.003586938
1906.958333,0.003433528
1907.041667,0.003336839
1907.125,0.003286712
1907.208333,0.003250035
1907.291667,0.006207915
1907.375,0.024511234
1907.458333,0.012546998
1907.541667,0.023320116
1907.625,0.01572631
1907.708333,0.013835971
1907.791667,0.00786591
1907.875,0.018241512
1907.958333,0.012582544
1908.041667,0.010177757
1908.125,0.018379761
1908.208333,0.014162446
1908.291667,0.009169343
1908.375,0.003034362
1908.458333,0.003046438
1908.541667,0.003078879
1908.625,0.003188684
1908.708333,0.003202984
1908.791667,0.003216148
1908.875,0.003168496
1908.958333,0.003103065
1909.041667,0.003118623
1909.125,0.003124794
1909.208333,0.003097928
1909.291667,0.003079354
1909.375,0.003046055
1909.458333,0.003058165
1909.541667,0.003090798
1909.625,0.003201051
1909.708333,0.003215375
1909.791667,0.003228631
1909.875,0.003180836
1909.958333,0.003115171
1910.041667,0.003130755
1910.125,0.003136923
1910.208333,0.00310994
1910.291667,0.00309129
1910.375,0.003057948
1910.458333,0.003070095
1910.541667,0.003102922
1910.625,0.003213632
1910.708333,0.003227979
1910.791667,0.003241328
1910.875,0.003193388
1910.958333,0.003127479
1911.041667,0.003143096
1911.125,0.003149262
1911.208333,0.003122145
1911.291667,0.003103422
1911.375,0.003070039
1911.458333,0.003082227
1911.541667,0.003115252
1911.625,0.003226425
1911.708333,0.003240794
1911.791667,0.003254239
1911.875,0.003206148
1911.958333,0.00314
1912.041667,0.003155635
1912.125,0.003161799
1912.208333,0.003134561
1912.291667,0.003115756
1912.375,0.00498514
1912.458333,0.016791974
1912.541667,0.038282178
1912.625,0.055133956
1912.708333,0.062817971
1912.791667,0.06654672
1912.875,0.067501514
1912.958333,0.062750434
1913.041667,0.053048999
1913.125,0.04464333
1913.208333,0.03878904
1913.291667,0.033273345
1913.375,0.028395641
1913.458333,0.024732211
1913.541667,0.021763385
1913.625,0.019829109
1913.708333,0.018326231
1913.791667,0.017074634
1913.875,0.015718031
1913.958333,0.016561157
1914.041667,0.019508678
1914.125,0.019379138
1914.208333,0.016822408
1914.291667,0.014708436
1914.375,0.012975175
1914.458333,0.011735264
1914.541667,0.010762089
1914.625,0.010145999
1914.708333,0.009614493
1914.791667,0.009210062
1914.875,0.008785215
1914.958333,0.007618957
1915.041667,0.005867874
1915.125,0.004921838
1915.208333,0.004733201
1915.291667,0.004578442
1915.375,0.00443345
1915.458333,0.00436042
1915.541667,0.004313748
1915.625,0.004352296
1915.708333,0.004295385
1915.791667,0.004247399
1915.875,0.004141244
1915.958333,0.003825464
1916.041667,0.003415219
1916.125,0.003215312
1916.208333,0.003187746
1916.291667,0.003169037
1916.375,0.003136069
1916.458333,0.003149118
1916.541667,0.003183669
1916.625,0.003297561
1916.708333,0.00331227
1916.791667,0.003326383
1916.875,0.003277665
1916.958333,0.003209184
1917.041667,0.003222582
1917.125,0.003227559
1917.208333,0.00319965
1917.291667,0.003180435
1917.375,0.003146788
1917.458333,0.003159222
1917.541667,0.003193501
1917.625,0.003307607
1917.708333,0.003322135
1917.791667,0.003336184
1917.875,0.003287156
1917.958333,0.00321946
1918.041667,0.003235169
1918.125,0.003241321
1918.208333,0.003213272
1918.291667,0.003193968
1918.375,0.00316028
1918.458333,0.003172756
1918.541667,0.003207254
1918.625,0.00332188
1918.708333,0.003336433
1918.791667,0.003350589
1918.875,0.003301398
1918.958333,0.003233426
1919.041667,0.00324914
1919.125,0.003255289
1919.208333,0.0032271
1919.291667,0.00320771
1919.375,0.00317397
1919.458333,0.00318649
1919.541667,0.003221215
1919.625,0.003336362
1919.708333,0.003350945
1919.791667,0.003365207
1919.875,0.003315849
1919.958333,0.003247601
1920.041667,0.003263313
1920.125,0.003269458
1920.208333,0.003241126
1920.291667,0.003221646
1920.375,0.003187863
1920.458333,0.003200423
1920.541667,0.003235376
1920.625,0.003351054
1920.708333,0.003365664
1920.791667,0.003380037
1920.875,0.003330507
1920.958333,0.003261984
1921.041667,0.003277689
1921.125,0.003283833
1921.208333,0.003255355
1921.291667,0.003235785
1921.375,0.003201952
1921.458333,0.003214558
1921.541667,0.003249742
1921.625,0.00336596
1921.708333,0.003380595
1921.791667,0.003395081
1921.875,0.00334538
1921.958333,0.003276572
1922.041667,0.006063534
1922.125,0.003298415
1922.208333,0.004700949
1922.291667,0.009968743
1922.375,0.011198172
1922.458333,0.011875462
1922.541667,0.015579016
1922.625,0.010693348
1922.708333,0.013770106
1922.791667,0.013245259
1922.875,0.011847314
1922.958333,0.010629002
1923.041667,0.011875015
1923.125,0.010707766
1923.208333,0.008763938
1923.291667,0.009342007
1923.375,0.009943975
1923.458333,0.008692645
1923.541667,0.008055909
1923.625,0.003396406
1923.708333,0.003411102
1923.791667,0.003425814
1923.875,0.003375758
1923.958333,0.003306368
1924.041667,0.003322045
1924.125,0.003328184
1924.208333,0.00329925
1924.291667,0.003279405
1924.375,0.003245422
1924.458333,0.00325817
1924.541667,0.003294064
1924.625,0.003411942
1924.708333,0.003426667
1924.791667,0.003441495
1924.875,0.003391259
1924.958333,0.003321578
1925.041667,0.003337238
1925.125,0.003343374
1925.208333,0.003314286
1925.291667,0.003294345
1925.375,0.003260317
1925.458333,0.003273109
1925.541667,0.003309246
1925.625,0.003427695
1925.708333,0.003442449
1925.791667,0.003457395
1925.875,0.003406978
1925.958333,0.003336994
1926.041667,0.003352635
1926.125,0.003358769
1926.208333,0.003329521
1926.291667,0.003309487
1926.375,0.003275403
1926.458333,0.003288245
1926.541667,0.003324629
1926.625,0.003443656
1926.708333,0.003458444
1926.791667,0.003473503
1926.875,0.003422905
1926.958333,0.003352614
1927.041667,0.003368235
1927.125,0.003374366
1927.208333,0.003344966
1927.291667,0.00332483
1927.375,0.003290696
1927.458333,0.003303583
1927.541667,0.003340218
1927.625,0.003459831
1927.708333,0.003474649
1927.791667,0.003489831
1927.875,0.003439045
1927.958333,0.003368444
1928.041667,0.003384041
1928.125,0.003390168
1928.208333,0.003360604
1928.291667,0.003340372
1928.375,0.003306184
1928.458333,0.003319124
1928.541667,0.00335601
1928.625,0.003476215
1928.708333,0.003491064
1928.791667,0.01084089
1928.875,0.014388795
1928.958333,0.008153039
1929.041667,0.007499451
1929.125,0.0194202
1929.208333,0.014086598
1929.291667,0.008828004
1929.375,0.017109689
1929.458333,0.01076647
1929.541667,0.031279752
1929.625,0.021706442
1929.708333,0.012853796
1929.791667,0.01653178
1929.875,0.008191541
1929.958333,0.008734626
1930.041667,0.003416261
1930.125,0.003422387
1930.208333,0.003392496
1930.291667,0.003372059
1930.375,0.003337764
1930.458333,0.003350801
1930.541667,0.003388209
1930.625,0.003509617
1930.708333,0.003524533
1930.791667,0.003540086
1930.875,0.003488722
1930.958333,0.003417177
1931.041667,0.003432682
1931.125,0.003438798
1931.208333,0.003408741
1931.291667,0.003388201
1931.375,0.003353852
1931.458333,0.003366943
1931.541667,0.003404615
1931.625,0.003526638
1931.708333,0.003541582
1931.791667,0.003557263
1931.875,0.003505705
1931.958333,0.003433835
1932.041667,0.003449299
1932.125,0.003455418
1932.208333,0.003425189
1932.291667,0.01076294
1932.375,0.018693907
1932.458333,0.01696526
1932.541667,0.016950346
1932.625,0.019381563
1932.708333,0.013324088
1932.791667,0.021808022
1932.875,0.016260398
1932.958333,0.008219907
1933.041667,0.00951094
1933.125,0.010229066
1933.208333,0.004873595
1933.291667,0.012042243
1933.375,0.00338663
1933.458333,0.003399826
1933.541667,0.003438029
1933.625,0.003561313
1933.708333,0.003576323
1933.791667,0.003592258
1933.875,0.003540302
1933.958333,0.003467771
1934.041667,0.003483153
1934.125,0.003489265
1934.208333,0.003458695
1934.291667,0.003437841
1934.375,0.003403318
1934.458333,0.003416567
1934.541667,0.003455045
1934.625,0.003578968
1934.708333,0.003594011
1934.791667,0.003610081
1934.875,0.003557916
1934.958333,0.003485048
1935.041667,0.003500385
1935.125,0.003506495
1935.208333,0.003475746
1935.291667,0.003454785
1935.375,0.00342021
1935.458333,0.003433508
1935.541667,0.003472266
1935.625,0.003596831
1935.708333,0.003611908
1935.791667,0.003628108
1935.875,0.00357574
1935.958333,0.003502537
1936.041667,0.003517821
1936.125,0.003523928
1936.208333,0.003493003
1936.291667,0.003471932
1936.375,0.003437297
1936.458333,0.003450652
1936.541667,0.003489687
1936.625,0.003614908
1936.708333,0.003630021
1936.791667,0.003646357
1936.875,0.003593776
1936.958333,0.003520226
1937.041667,0.003535461
1937.125,0.003541567
1937.208333,0.003510461
1937.291667,0.003489279
1937.375,0.003454584
1937.458333,0.003467995
1937.541667,0.003507313
1937.625,0.003633193
1937.708333,0.003648344
1937.791667,0.003664816
1937.875,0.003612026
1937.958333,0.003538122
1938.041667,0.003553307
1938.125,0.003559404
1938.208333,0.00352812
1938.291667,0.003506827
1938.375,0.003472074
1938.458333,0.003485538
1938.541667,0.003525146
1938.625,0.003651693
1938.708333,0.003666879
1938.791667,0.003683488
1938.875,0.003630483
1938.958333,0.003556231
1939.041667,0.003571351
1939.125,0.003577452
1939.208333,0.003545982
1939.291667,0.003524575
1939.375,0.003489763
1939.458333,0.003503285
1939.541667,0.003543178
1939.625,0.003670405
1939.708333,0.003685626
1939.791667,0.003702373
1939.875,0.003649153
1939.958333,0.003574544
1940.041667,0.003589606
1940.125,0.003595701
1940.208333,0.003564044
1940.291667,0.003542524
1940.375,0.003507651
1940.458333,0.00352123
1940.541667,0.003561416
1940.625,0.003689327
1940.708333,0.003704582
1940.791667,0.003721473
1940.875,0.003668033
1940.958333,0.003593063
1941.041667,0.00360806
1941.125,0.003614153
1941.208333,0.003582309
1941.291667,0.003560674
1941.375,0.003525737
1941.458333,0.003539375
1941.541667,0.003579859
1941.625,0.003708463
1941.708333,0.003723752
1941.791667,0.003740783
1941.875,0.003687125
1941.958333,0.003611788
1942.041667,0.003626723
1942.125,0.00363281
1942.208333,0.003600779
1942.291667,0.003579026
1942.375,0.003544026
1942.458333,0.003557721
1942.541667,0.003598504
1942.625,0.003727805
1942.708333,0.003743132
1942.791667,0.003760309
1942.875,0.00370643
1942.958333,0.003630726
1943.041667,0.003645585
1943.125,0.003651672
1943.208333,0.003619447
1943.291667,0.003597576
1943.375,0.003562515
1943.458333,0.003576269
1943.541667,0.003617354
1943.625,0.003747363
1943.708333,0.003762728
1943.791667,0.003780048
1943.875,0.003725942
1943.958333,0.003649865
1944.041667,0.003664657
1944.125,0.003670737
1944.208333,0.003638316
1944.291667,0.003616329
1944.375,0.003581204
1944.458333,0.003595014
1944.541667,0.003636407
1944.625,0.003767127
1944.708333,0.003782534
1944.791667,0.003800003
1944.875,0.003745669
1944.958333,0.003669212
1945.041667,0.003683922
1945.125,0.003690006
1945.208333,0.00365739
1945.291667,0.003635281
1945.375,0.003600086
1945.458333,0.003613961
1945.541667,0.003655662
1945.625,0.003787109
1945.708333,0.003802551
1945.791667,0.003820166
1945.875,0.0037656
1945.958333,0.003688765
1946.041667,0.0037034
1946.125,0.003709476
1946.208333,0.003676668
1946.291667,0.003654434
1946.375,0.003619177
1946.458333,0.00363311
1946.541667,0.003675125
1946.625,0.003807299
1946.708333,0.003822781
1946.791667,0.003840548
1946.875,0.003785745
1946.958333,0.00370853
1947.041667,0.003723082
1947.125,0.003729156
1947.208333,0.003696141
1947.291667,0.003673785
1947.375,0.003638464
1947.458333,0.003652457
1947.541667,0.003694788
1947.625,0.003827702
1947.708333,0.00384322
1947.791667,0.003861143
1947.875,0.003806105
1947.958333,0.003728495
1948.041667,0.003742961
1948.125,0.003749036
1948.208333,0.003715817
1948.291667,0.00369334
1948.375,0.003657951
1948.458333,0.003672009
1948.541667,0.003714657
1948.625,0.003848312
1948.708333,0.003863872
1948.791667,0.003881946
1948.875,0.003826673
1948.958333,0.003748673
1949.041667,0.003763053
1949.125,0.003769118
1949.208333,0.003735701
1949.291667,0.003713096
1949.375,0.003677637
1949.458333,0.003691758
1949.541667,0.003734728
1949.625,0.003869141
1949.708333,0.003884738
1949.791667,0.003902967
1949.875,0.003847448
1949.958333,0.003769053
1950.041667,0.003783343
1950.125,0.003789406
1950.208333,0.003755782
1950.291667,0.003733049
1950.375,0.003697523
1950.458333,0.003711706
1950.541667,0.003755002
1950.625,0.003890176
1950.708333,0.003905814
1950.791667,0.003924198
1950.875,0.003868442
1950.958333,0.003789641
1951.041667,0.003803837
1951.125,0.003809902
1951.208333,0.003776063
1951.291667,0.003753205
1951.375,0.00371761
1951.458333,0.003731857
1951.541667,0.003775482
1951.625,0.003911424
1951.708333,0.003927104
1951.791667,0.003945645
1951.875,0.00388964
1951.958333,0.00381044
1952.041667,0.003824539
1952.125,0.003830598
1952.208333,0.003796548
1952.291667,0.003773559
1952.375,0.003737896
1952.458333,0.003752208
1952.541667,0.003796165
1952.625,0.003932884
1952.708333,0.003948604
1952.791667,0.003967304
1952.875,0.003911056
1952.958333,0.003831441
1953.041667,0.00384544
1953.125,0.003851494
1953.208333,0.003817238
1953.291667,0.003794113
1953.375,0.003758385
1953.458333,0.003772757
1953.541667,0.003817051
1953.625,0.003954553
1953.708333,0.003970317
1953.791667,0.003989177
1953.875,0.003932678
1953.958333,0.00385265
1954.041667,0.00386655
1954.125,0.003872596
1954.208333,0.003838126
1954.291667,0.003814874
1954.375,0.003779072
1954.458333,0.003793512
1954.541667,0.003838144
1954.625,0.003976433
1954.708333,0.00399224
1954.791667,0.004011265
1954.875,0.00395451
1954.958333,0.00387407
1955.041667,0.003887858
1955.125,0.003893907
1955.208333,0.003859219
1955.291667,0.003835829
1955.375,0.003799955
1955.458333,0.003814468
1955.541667,0.003859438
1955.625,0.003998529
1955.708333,0.004014377
1955.791667,0.004033563
1955.875,0.003976556
1955.958333,0.003895694
1956.041667,0.003909374
1956.125,0.003915415
1956.208333,0.003880509
1956.291667,0.003856988
1956.375,0.003821044
1956.458333,0.003835618
1956.541667,0.003880936
1956.625,0.004020833
1956.708333,0.004036725
1956.791667,0.004056077
1956.875,0.003998809
1956.958333,0.003917522
1957.041667,0.003931092
1957.125,0.003937134
1957.208333,0.003902005
1957.291667,0.00387835
1957.375,0.003842327
1957.458333,0.003856974
1957.541667,0.003902638
1957.625,0.004043354
1957.708333,0.004059283
1957.791667,0.004078802
1957.875,0.004021276
1957.958333,0.00393956
1958.041667,0.003953013
1958.125,0.003959054
1958.208333,0.003923699
1958.291667,0.003899904
1958.375,0.003863815
1958.458333,0.003878529
1958.541667,0.003924545
1958.625,0.004066077
1958.708333,0.004082052
1958.791667,0.004101746
1958.875,0.004043955
1958.958333,0.003961806
1959.041667,0.003975143
1959.125,0.003981177
1959.208333,0.003945598
1959.291667,0.003921667
1959.375,0.003885499
1959.458333,0.00390028
1959.541667,0.003946654
1959.625,0.004089014
1959.708333,0.004105037
1959.791667,0.004124897
1959.875,0.004066844
1959.958333,0.003984257
1960.041667,0.003997471
1960.125,0.004003503
1960.208333,0.003967698
1960.291667,0.003943626
1960.375,0.003907386
1960.458333,0.003922235
1960.541667,0.003968967
1960.625,0.004112167
1960.708333,0.004128232
1960.791667,0.004148264
1960.875,0.004089941
1960.958333,0.004006912
1961.041667,0.004020005
1961.125,0.004026033
1961.208333,0.003989999
1961.291667,0.003965787
1961.375,0.003929476
1961.458333,0.003944389
1961.541667,0.003991485
1961.625,0.004135531
1961.708333,0.004151639
1961.791667,0.004171845
1961.875,0.006321346
1961.958333,0.008501738
1962.041667,0.010731447
1962.125,0.013064243
1962.208333,0.015322037
1962.291667,0.015197537
1962.375,0.015150706
1962.458333,0.015209107
1962.541667,0.015212966
1962.625,0.015301669
1962.708333,0.015265358
1962.791667,0.015367033
1962.875,0.01296952
1962.958333,0.010761023
1963.041667,0.008525027
1963.125,0.006414352
1963.208333,0.017391329
1963.291667,0.046911032
1963.375,0.068388857
1963.458333,0.076607304
1963.541667,0.081409436
1963.625,0.083610134
1963.708333,0.083093102
1963.791667,0.080771148
1963.875,0.077192774
1963.958333,0.072248035
1964.041667,0.066403694
1964.125,0.061942465
1964.208333,0.058631906
1964.291667,0.055412127
1964.375,0.052102215
1964.458333,0.048575278
1964.541667,0.04442235
1964.625,0.039907669
1964.708333,0.035273322
1964.791667,0.031375052
1964.875,0.028088957
1964.958333,0.031985619
1965.041667,0.042270713
1965.125,0.04500025
1965.208333,0.040897947
1965.291667,0.037277577
1965.375,0.034013716
1965.458333,0.031121204
1965.541667,0.028242539
1965.625,0.025532246
1965.708333,0.022873763
1965.791667,0.020674401
1965.875,0.0187574
1965.958333,0.015209116
1966.041667,0.010265355
1966.125,0.007723866
1966.208333,0.00729449
1966.291667,0.006926202
1966.375,0.006585637
1966.458333,0.006333945
1966.541667,0.006121898
1966.625,0.006025222
1966.708333,0.005816572
1966.791667,0.005648964
1966.875,0.008926598
1966.958333,0.012013543
1967.041667,0.014999846
1967.125,0.018364063
1967.208333,0.021831226
1967.291667,0.021648184
1967.375,0.021520319
1967.458333,0.021640794
1967.541667,0.021511048
1967.625,0.021656774
1967.708333,0.021739725
1967.791667,0.021966681
1967.875,0.0202836
1967.958333,0.018865195
1968.041667,0.01750416
1968.125,0.016142515
1968.208333,0.014569402
1968.291667,0.014443601
1968.375,0.014343132
1968.458333,0.014413439
1968.541667,0.014347065
1968.625,0.014488574
1968.708333,0.014538535
1968.791667,0.014672672
1968.875,0.013692602
1968.958333,0.012772833
1969.041667,0.011924232
1969.125,0.011074167
1969.208333,0.010096532
1969.291667,0.01001753
1969.375,0.009900501
1969.458333,0.009976048
1969.541667,0.009892388
1969.625,0.010097916
1969.708333,0.010235792
1969.791667,0.010378459
1969.875,0.0103034
1969.958333,0.010184539
1970.041667,0.010247736
1970.125,0.010245813
1970.208333,0.010120978
1970.291667,0.010041825
1970.375,0.009924748
1970.458333,0.010000302
1970.541667,0.009917048
1970.625,0.010123466
1970.708333,0.01026137
1970.791667,0.010404165
1970.875,0.011893048
1970.958333,0.013383823
1971.041667,0.015014576
1971.125,0.016670989
1971.208333,0.018191017
1971.291667,0.018040634
1971.375,0.01792736
1971.458333,0.018027448
1971.541667,0.017930688
1971.625,0.018085786
1971.708333,0.018163193
1971.791667,0.018351654
1971.875,0.016886867
1971.958333,0.015566936
1972.041667,0.014300106
1972.125,0.013047417
1972.208333,0.011648209
1972.291667,0.011556033
1972.375,0.011460338
1972.458333,0.011529902
1972.541667,0.011475912
1972.625,0.011651264
1972.708333,0.011736452
1972.791667,0.011865963
1972.875,0.010374382
1972.958333,0.008913512
1973.041667,0.007551316
1973.125,0.006171707
1973.208333,0.004728914
1973.291667,0.00469879
1973.375,0.004655362
1973.458333,0.004675771
1973.541667,0.004717176
1973.625,0.004876132
1973.708333,0.004902138
1973.791667,0.004933849
1973.875,0.004778474
1973.958333,0.004595628
1974.041667,0.00451664
1974.125,0.004429939
1974.208333,0.00429829
1974.291667,0.004272128
1974.375,0.004234768
1974.458333,0.004250663
1974.541667,0.004302751
1974.625,0.004458471
1974.708333,0.005234397
1974.791667,0.015710197
1974.875,0.038614454
1974.958333,0.046065946
1975.041667,0.030476323
1975.125,0.020948361
1975.208333,0.021569702
1975.291667,0.02229211
1975.375,0.023156829
1975.458333,0.024094147
1975.541667,0.024837033
1975.625,0.025312757
1975.708333,0.025280317
1975.791667,0.025018286
1975.875,0.02441279
1975.958333,0.021373668
1976.041667,0.016263755
1976.125,0.013452355
1976.208333,0.012775105
1976.291667,0.012057168
1976.375,0.011340223
1976.458333,0.010755636
1976.541667,0.010236732
1976.625,0.009902863
1976.708333,0.009505605
1976.791667,0.009206808
1976.875,0.00887032
1976.958333,0.008383706
1977.041667,0.007841497
1977.125,0.007445742
1977.208333,0.007223806
1977.291667,0.007098939
1977.375,0.006998888
1977.458333,0.00694268
1977.541667,0.006862896
1977.625,0.006803985
1977.708333,0.006547634
1977.791667,0.006310497
1977.875,0.006016627
1977.958333,0.005868697
1978.041667,0.005981263
1978.125,0.005983234
1978.208333,0.005844493
1978.291667,0.005761509
1978.375,0.005685177
1978.458333,0.005657221
1978.541667,0.005637151
1978.625,0.005683428
1978.708333,0.005561444
1978.791667,0.005452861
1978.875,0.005271964
1978.958333,0.004450151
1979.041667,0.006092768
1979.125,0.006176642
1979.208333,0.006138867
1979.291667,0.006063247
1979.375,0.005921999
1979.458333,0.005962171
1979.541667,0.005860174
1979.625,0.005921101
1979.708333,0.006403061
1979.791667,0.006956533
1979.875,0.007332222
1979.958333,0.007406611
1980.041667,0.007655652
1980.125,0.00761866
1980.208333,0.007527046
1980.291667,0.007454356
1980.375,0.007301818
1980.458333,0.00810921
1980.541667,0.008973638
1980.625,0.009421911
1980.708333,0.00967632
1980.791667,0.009928253
1980.875,0.009774885
1980.958333,0.00990828
1981.041667,0.010293332
1981.125,0.010469658
1981.208333,0.010329087
1981.291667,0.010123646
1981.375,0.009934157
1981.458333,0.010267852
1981.541667,0.010599391
1981.625,0.010713939
1981.708333,0.010530317
1981.791667,0.01038042
1981.875,0.010186901
1981.958333,0.008746756
1982.041667,0.007399041
1982.125,0.00747864
1982.208333,0.008643134
1982.291667,0.020896782
1982.375,0.023275374
1982.458333,0.026326145
1982.541667,0.03019641
1982.625,0.031432351
1982.708333,0.032329441
1982.791667,0.035877573
1982.875,0.045906134
1982.958333,0.060220917
1983.041667,0.065604667
1983.125,0.061653795
1983.208333,0.062022841
1983.291667,0.059608508
1983.375,0.055119268
1983.458333,0.055983335
1983.541667,0.050948543
1983.625,0.042723722
1983.708333,0.040621327
1983.791667,0.039667099
1983.875,0.035913184
1983.958333,0.037087828
1984.041667,0.03567517
1984.125,0.033411213
1984.208333,0.031613223
1984.291667,0.029965115
1984.375,0.028936189
1984.458333,0.027928081
1984.541667,0.02645186
1984.625,0.025227443
1984.708333,0.024648845
1984.791667,0.02300273
1984.875,0.021808232
1984.958333,0.020102234
1985.041667,0.01912219
1985.125,0.017893267
1985.208333,0.016648327
1985.291667,0.015431766
1985.375,0.014253318
1985.458333,0.013556506
1985.541667,0.012904829
1985.625,0.012618239
1985.708333,0.012036274
1985.791667,0.011744076
1985.875,0.011253997
1985.958333,0.012987639
1986.041667,0.015436575
1986.125,0.01619322
1986.208333,0.015706719
1986.291667,0.015339182
1986.375,0.015165329
1986.458333,0.014251546
1986.541667,0.013974553
1986.625,0.013792041
1986.708333,0.013192963
1986.791667,0.013070393
1986.875,0.012761898
1986.958333,0.012514181
1987.041667,0.012140303
1987.125,0.011488044
1987.208333,0.011024897
1987.291667,0.010725201
1987.375,0.010817314
1987.458333,0.010675371
1987.541667,0.010212782
1987.625,0.009974165
1987.708333,0.009700198
1987.791667,0.009607299
1987.875,0.009275687
1987.958333,0.008982133
1988.041667,0.008646446
1988.125,0.008458642
1988.208333,0.008105941
1988.291667,0.007858721
1988.375,0.007513959
1988.458333,0.007441201
1988.541667,0.007400622
1988.625,0.007632534
1988.708333,0.007727098
1988.791667,0.007427704
1988.875,0.007188703
1988.958333,0.006815815
1989.041667,0.006517276
1989.125,0.006360252
1989.208333,0.005970679
1989.291667,0.005876805
1989.375,0.005795663
1989.458333,0.005744356
1989.541667,0.005642253
1989.625,0.005697398
1989.708333,0.005786392
1989.791667,0.00568975
1989.875,0.005502226
1989.958333,0.00538916
1990.041667,0.005236983
1990.125,0.005289554
1990.208333,0.005802024
1990.291667,0.005993731
1990.375,0.006199358
1990.458333,0.006260433
1990.541667,0.006301345
1990.625,0.006581227
1990.708333,0.006595391
1990.791667,0.006250248
1990.875,0.006164783
1990.958333,0.005889217
1991.041667,0.005781768
1991.125,0.005748973
1991.208333,0.005629996
1991.291667,0.005568614
1991.375,0.005547604
1991.458333,0.006012911
1991.541667,0.025410342
1991.625,0.049845703
1991.708333,0.074418726
1991.791667,0.099512792
1991.875,0.108326199
1991.958333,0.108141984
1992.041667,0.109355732
1992.125,0.110072887
1992.208333,0.10982575
1992.291667,0.107806679
1992.375,0.111173035
1992.458333,0.114484458
1992.541667,0.107870688
1992.625,0.103660639
1992.708333,0.099901417
1992.791667,0.090616008
1992.875,0.08336111
1992.958333,0.079373191
1993.041667,0.070657806
1993.125,0.069159696
1993.208333,0.064712765
1993.291667,0.064376415
1993.375,0.059510874
1993.458333,0.054959524
1993.541667,0.050900585
1993.625,0.046560847
1993.708333,0.042491711
1993.791667,0.039295145
1993.875,0.035964024
1993.958333,0.032711379
1994.041667,0.029735019
1994.125,0.024915369
1994.208333,0.021434658
1994.291667,0.018625002
1994.375,0.016848767
1994.458333,0.015701933
1994.541667,0.01482344
1994.625,0.014150459
1994.708333,0.013635527
1994.791667,0.013278875
1994.875,0.012465722
1994.958333,0.011763482
1995.041667,0.011266779
1995.125,0.010328166
1995.208333,0.00981986
1995.291667,0.009335339
1995.375,0.008780946
1995.458333,0.008423876
1995.541667,0.008362515
1995.625,0.007976524
1995.708333,0.007662834
1995.791667,0.007392111
1995.875,0.007181904
1995.958333,0.006838653
1996.041667,0.006447067
1996.125,0.006057385
1996.208333,0.005751075
1996.291667,0.005574751
1996.375,0.005474203
1996.458333,0.005789699
1996.541667,0.005212708
1996.625,0.00522993
1996.708333,0.005178666
1996.791667,0.00508355
1996.875,0.005019477
1996.958333,0.004855568
1997.041667,0.004733572
1997.125,0.004601332
1997.208333,0.004491029
1997.291667,0.004448074
1997.375,0.004442841
1997.458333,0.004371638
1997.541667,0.004330289
1997.625,0.004362829
1997.708333,0.004398397
1997.791667,0.004364735
1997.875,0.004394263
1997.958333,0.004393255
1998.041667,0.004343228
1998.125,0.004260206
1998.208333,0.004194493
1998.291667,0.004174615
1998.375,0.004238051
1998.458333,0.004167048
1998.541667,0.004188024
1998.625,0.004392629
1998.708333,0.004696199
1998.791667,0.004763615
1998.875,0.004551093
1998.958333,0.004368005
1999.041667,0.004241501
1999.125,0.00403928
1999.208333,0.003878396
1999.291667,0.003845411
1999.375,0.003997795
1999.458333,0.004196294
1999.541667,0.0041979
1999.625,0.004315989
1999.708333,0.004402579
1999.791667,0.00444547
1999.875,0.004435559
1999.958333,0.004248939
2000.041667,0.004179432
2000.125,0.004055104
2000.208333,0.003959986
2000.291667,0.004073777
2000.375,0.0040495
2000.458333,0.004042043
2000.541667,0.004027272
2000.625,0.004144274
2000.708333,0.004213401
2000.791667,0.00431328
2000.875,0.004419465
2000.958333,0.004379473
2001.041667,0.004314553
2001.125,0.004186332
2001.208333,0.00419955
2001.291667,0.004065176
2001.375,0.004090433
2001.458333,0.004317732
2001.541667,0.00471323
2001.625,0.004912274
2001.708333,0.004675704
2001.791667,0.004740553
2001.875,0.004481771
2001.958333,0.004315945
2002.041667,0.004211116
2002.125,0.004073434
2002.208333,0.004039272
2002.291667,0.003863736
2002.375,0.003900692
2002.458333,0.00398646
2002.541667,0.0040157
2002.625,0.004004902
2002.708333,0.003911744
2002.791667,0.004093928
2002.875,0.004351937
2002.958333,0.004490056
2003.041667,0.004806501
2003.125,0.004925444
2003.208333,0.005035339
2003.291667,0.004717083
2003.375,0.004594098
2003.458333,0.004742151
2003.541667,0.004838311
2003.625,0.005051014
2003.708333,0.005125584
2003.791667,0.005155522
2003.875,0.004999291
2003.958333,0.004765659
2004.041667,0.004660824
2004.125,0.004457924
2004.208333,0.00432029
2004.291667,0.004301713
2004.375,0.004195636
2004.458333,0.004137265
2004.541667,0.004179679
2004.625,0.004268572
2004.708333,0.004429001
2004.791667,0.004306801
2004.875,0.004399498
2004.958333,0.00454985
2005.041667,0.004705916
2005.125,0.004884914
2005.208333,0.005539136
2005.291667,0.005668014
2005.375,0.005724451
2005.458333,0.005752278
2005.541667,0.006001628
2005.625,0.0060465
2005.708333,0.006368344
2005.791667,0.006340237
2005.875,0.006047552
2005.958333,0.005763609
2006.041667,0.005829049
2006.125,0.005798948
2006.208333,0.005738786
2006.291667,0.005814863
2006.375,0.005660656
2006.458333,0.005662257
2006.541667,0.006582891
2006.625,0.00695397
2006.708333,0.007307716
2006.791667,0.006819992
2006.875,0.007692635
2006.958333,0.008043863
2007.041667,0.008464282
2007.125,0.008436766
2007.208333,0.007884398
2007.291667,0.007424141
2007.375,0.007099142
2007.458333,0.006685764
2007.541667,0.006805065
2007.625,0.006697995
2007.708333,0.007011445
2007.791667,0.006665145
2007.875,0.006571318
2007.958333,0.006324982
2008.041667,0.006064939
2008.125,0.006070245
2008.208333,0.006019656
2008.291667,0.006041017
2008.375,0.005855985
2008.458333,0.005615965
2008.541667,0.005851334
2008.625,0.006009966
2008.708333,0.007328922
2008.791667,0.007113696
2008.875,0.007262942
2008.958333,0.006912159
2009.041667,0.006793589
2009.125,0.006622273
2009.208333,0.006984059
2009.291667,0.007482591
2009.375,0.006952697
2009.458333,0.00642946
2009.541667,0.008234872
2009.625,0.009023424
2009.708333,0.009709223
2009.791667,0.008609965
2009.875,0.008250532
2009.958333,0.00731481
2010.041667,0.006763359
2010.125,0.006120405
2010.208333,0.006305651
2010.291667,0.006330275
2010.375,0.005988959
2010.458333,0.005762263
2010.541667,0.005961181
2010.625,0.005832382
2010.708333,0.00590029
2010.791667,0.00545776
2010.875,0.00564929
2010.958333,0.006770104
2011.041667,0.007191127
2011.125,0.006906312
2011.208333,0.006799436
2011.291667,0.006436247
2011.375,0.006174559
2011.458333,0.006932891
2011.541667,0.008472405
2011.625,0.00945302
2011.708333,0.010582404
2011.791667,0.009824031
2011.875,0.009384014
2011.958333,0.007871841
2012.041667,0.007491757
2012.125,0.00718887
2012.208333,0.006858706
2012.291667,0.006694553
2012.375,0.006320566
2012.458333,0.005909285
2012.541667,0.005941251
2012.625,0.005834812
2012.708333,0.005896512
2012.791667,0.005568647
2012.875,0.005533775
2012.958333,0.005434298
2013.041667,0.005399452
2013.125,0.004925502
2013.208333,0.005066239
2013.291667,0.005354182
2013.375,0.005172047
2013.458333,0.005153449
2013.541667,0.005225905
2013.625,0.005146235
2013.708333,0.005114961
2013.791667,0.004738257
2013.875,0.004697245
2013.958333,0.004870437
2014.041667,0.004824705
2014.125,0.004548168
2014.208333,0.005506453
2014.291667,0.006290376
2014.375,0.006329228
2014.458333,0.006170954
2014.541667,0.006425811
2014.625,0.006553127
2014.708333,0.006837779
2014.791667,0.006340805
2014.875,0.006084415
2014.958333,0.005960286
2015.041667,0.006109108
2015.125,0.005807844
2015.208333,0.00558427
2015.291667,0.005862831
2015.375,0.006652022
2015.458333,0.00737222
2015.541667,0.008249421
2015.625,0.008786731
2015.708333,0.00942753
2015.791667,0.0088208
2015.875,0.008387587
2015.958333,0.008072567
2016.041667,0.008132219
2016.125,0.007694168
2016.208333,0.00685999
2016.291667,0.006801668
2016.375,0.006698305
2016.458333,0.006227721
2016.541667,0.006206898
2016.625,0.006080916
2016.708333,0.006388124
2016.791667,0.006101934
2016.875,0.005779022
2016.958333,0.005638365
2017.041667,0.005733874
2017.125,0.005595473
2017.208333,0.005297714
2017.291667,0.005305783
2017.375,0.005240216
2017.458333,0.004813236
2017.541667,0.005045992
2017.625,0.004843644
2017.708333,0.005830174
2017.791667,0.005824394
2017.875,0.005604124
2017.958333,0.005420129
2018.041667,0.005199349
2018.125,0.005010445
2018.208333,0.004828309
2018.291667,0.005139265
2018.375,0.005367639
2018.458333,0.005400119
2018.541667,0.005477888
2018.625,0.006200339
2018.708333,0.007016663
2018.791667,0.007490776
2018.875,0.007259886
2018.958333,0.006582019
2019.041667,0.005199349
2019.125,0.005010445
2019.208333,0.004828309
2019.291667,0.005139265
2019.375,0.005367639
2019.458333,0.005400119
2019.541667,0.005477888
2019.625,0.006200339
2019.708333,0.007016663
2019.791667,0.007490776
2019.875,0.007259886
2019.958333,0.006582019
